department,document_type,category,region,year,source,file_name
Human Resources,Policy/Legal,Compliance,Global,2020,ag_news,ag_news_0.txt
Human Resources,Policy/Legal,Compliance,Global,2021,ag_news,ag_news_1.txt
Human Resources,Policy/Legal,Compliance,Global,2022,ag_news,ag_news_2.txt
Human Resources,Policy/Legal,Compliance,Global,2023,ag_news,ag_news_3.txt
Human Resources,Policy/Legal,Compliance,Global,2024,ag_news,ag_news_4.txt
Human Resources,Policy/Legal,Compliance,Global,2020,ag_news,ag_news_5.txt
Human Resources,Policy/Legal,Compliance,Global,2021,ag_news,ag_news_6.txt
Human Resources,Policy/Legal,Compliance,Global,2022,ag_news,ag_news_7.txt
Human Resources,Policy/Legal,Compliance,Global,2023,ag_news,ag_news_8.txt
Human Resources,Policy/Legal,Compliance,Global,2024,ag_news,ag_news_9.txt
Human Resources,Policy/Legal,Compliance,Global,2020,ag_news,ag_news_10.txt
Human Resources,Policy/Legal,Compliance,Global,2021,ag_news,ag_news_11.txt
Human Resources,Policy/Legal,Compliance,Global,2022,ag_news,ag_news_12.txt
Human Resources,Policy/Legal,Compliance,Global,2023,ag_news,ag_news_13.txt
Human Resources,Policy/Legal,Compliance,Global,2024,ag_news,ag_news_14.txt
Human Resources,Policy/Legal,Compliance,Global,2020,ag_news,ag_news_15.txt
Human Resources,Policy/Legal,Compliance,Global,2021,ag_news,ag_news_16.txt
Human Resources,Policy/Legal,Compliance,Global,2022,ag_news,ag_news_17.txt
Human Resources,Policy/Legal,Compliance,Global,2023,ag_news,ag_news_18.txt
Human Resources,Policy/Legal,Compliance,Global,2024,ag_news,ag_news_19.txt
Human Resources,Policy/Legal,Compliance,Global,2020,ag_news,ag_news_20.txt
Human Resources,Policy/Legal,Compliance,Global,2021,ag_news,ag_news_21.txt
Human Resources,Policy/Legal,Compliance,Global,2022,ag_news,ag_news_22.txt
Human Resources,Policy/Legal,Compliance,Global,2023,ag_news,ag_news_23.txt
Human Resources,Policy/Legal,Compliance,Global,2024,ag_news,ag_news_24.txt
Human Resources,Policy/Legal,Compliance,Global,2020,ag_news,ag_news_25.txt
Human Resources,Policy/Legal,Compliance,Global,2021,ag_news,ag_news_26.txt
Human Resources,Policy/Legal,Compliance,Global,2022,ag_news,ag_news_27.txt
Human Resources,Policy/Legal,Compliance,Global,2023,ag_news,ag_news_28.txt
Human Resources,Policy/Legal,Compliance,Global,2024,ag_news,ag_news_29.txt
Human Resources,Policy/Legal,Compliance,Global,2020,ag_news,ag_news_30.txt
Human Resources,Policy/Legal,Compliance,Global,2021,ag_news,ag_news_31.txt
Human Resources,Policy/Legal,Compliance,Global,2022,ag_news,ag_news_32.txt
Human Resources,Policy/Legal,Compliance,Global,2023,ag_news,ag_news_33.txt
Human Resources,Policy/Legal,Compliance,Global,2024,ag_news,ag_news_34.txt
Human Resources,Policy/Legal,Compliance,Global,2020,ag_news,ag_news_35.txt
Human Resources,Policy/Legal,Compliance,Global,2021,ag_news,ag_news_36.txt
Human Resources,Policy/Legal,Compliance,Global,2022,ag_news,ag_news_37.txt
Human Resources,Policy/Legal,Compliance,Global,2023,ag_news,ag_news_38.txt
Human Resources,Policy/Legal,Compliance,Global,2024,ag_news,ag_news_39.txt
Human Resources,Policy/Legal,Compliance,Global,2020,ag_news,ag_news_40.txt
Human Resources,Policy/Legal,Compliance,Global,2021,ag_news,ag_news_41.txt
Human Resources,Policy/Legal,Compliance,Global,2022,ag_news,ag_news_42.txt
Human Resources,Policy/Legal,Compliance,Global,2023,ag_news,ag_news_43.txt
Human Resources,Policy/Legal,Compliance,Global,2024,ag_news,ag_news_44.txt
Human Resources,Policy/Legal,Compliance,Global,2020,ag_news,ag_news_45.txt
Human Resources,Policy/Legal,Compliance,Global,2021,ag_news,ag_news_46.txt
Human Resources,Policy/Legal,Compliance,Global,2022,ag_news,ag_news_47.txt
Human Resources,Policy/Legal,Compliance,Global,2023,ag_news,ag_news_48.txt
Human Resources,Policy/Legal,Compliance,Global,2024,ag_news,ag_news_49.txt
Human Resources,Policy/Legal,Compliance,Global,2020,ag_news,ag_news_50.txt
Human Resources,Policy/Legal,Compliance,Global,2021,ag_news,ag_news_51.txt
Human Resources,Policy/Legal,Compliance,Global,2022,ag_news,ag_news_52.txt
Human Resources,Policy/Legal,Compliance,Global,2023,ag_news,ag_news_53.txt
Human Resources,Policy/Legal,Compliance,Global,2024,ag_news,ag_news_54.txt
Human Resources,Policy/Legal,Compliance,Global,2020,ag_news,ag_news_55.txt
Human Resources,Policy/Legal,Compliance,Global,2021,ag_news,ag_news_56.txt
Human Resources,Policy/Legal,Compliance,Global,2022,ag_news,ag_news_57.txt
Human Resources,Policy/Legal,Compliance,Global,2023,ag_news,ag_news_58.txt
Human Resources,Policy/Legal,Compliance,Global,2024,ag_news,ag_news_59.txt
Human Resources,Policy/Legal,Compliance,Global,2020,ag_news,ag_news_60.txt
Human Resources,Policy/Legal,Compliance,Global,2021,ag_news,ag_news_61.txt
Human Resources,Policy/Legal,Compliance,Global,2022,ag_news,ag_news_62.txt
Human Resources,Policy/Legal,Compliance,Global,2023,ag_news,ag_news_63.txt
Human Resources,Policy/Legal,Compliance,Global,2024,ag_news,ag_news_64.txt
Human Resources,Policy/Legal,Compliance,Global,2020,ag_news,ag_news_65.txt
Human Resources,Policy/Legal,Compliance,Global,2021,ag_news,ag_news_66.txt
Human Resources,Policy/Legal,Compliance,Global,2022,ag_news,ag_news_67.txt
Human Resources,Policy/Legal,Compliance,Global,2023,ag_news,ag_news_68.txt
Human Resources,Policy/Legal,Compliance,Global,2024,ag_news,ag_news_69.txt
Human Resources,Policy/Legal,Compliance,Global,2020,ag_news,ag_news_70.txt
Human Resources,Policy/Legal,Compliance,Global,2021,ag_news,ag_news_71.txt
Human Resources,Policy/Legal,Compliance,Global,2022,ag_news,ag_news_72.txt
Human Resources,Policy/Legal,Compliance,Global,2023,ag_news,ag_news_73.txt
Human Resources,Policy/Legal,Compliance,Global,2024,ag_news,ag_news_74.txt
Human Resources,Policy/Legal,Compliance,Global,2020,ag_news,ag_news_75.txt
Human Resources,Policy/Legal,Compliance,Global,2021,ag_news,ag_news_76.txt
Human Resources,Policy/Legal,Compliance,Global,2022,ag_news,ag_news_77.txt
Human Resources,Policy/Legal,Compliance,Global,2023,ag_news,ag_news_78.txt
Human Resources,Policy/Legal,Compliance,Global,2024,ag_news,ag_news_79.txt
Human Resources,Policy/Legal,Compliance,Global,2020,ag_news,ag_news_80.txt
Human Resources,Policy/Legal,Compliance,Global,2021,ag_news,ag_news_81.txt
Human Resources,Policy/Legal,Compliance,Global,2022,ag_news,ag_news_82.txt
Human Resources,Policy/Legal,Compliance,Global,2023,ag_news,ag_news_83.txt
Human Resources,Policy/Legal,Compliance,Global,2024,ag_news,ag_news_84.txt
Human Resources,Policy/Legal,Compliance,Global,2020,ag_news,ag_news_85.txt
Human Resources,Policy/Legal,Compliance,Global,2021,ag_news,ag_news_86.txt
Human Resources,Policy/Legal,Compliance,Global,2022,ag_news,ag_news_87.txt
Human Resources,Policy/Legal,Compliance,Global,2023,ag_news,ag_news_88.txt
Human Resources,Policy/Legal,Compliance,Global,2024,ag_news,ag_news_89.txt
Human Resources,Policy/Legal,Compliance,Global,2020,ag_news,ag_news_90.txt
Human Resources,Policy/Legal,Compliance,Global,2021,ag_news,ag_news_91.txt
Human Resources,Policy/Legal,Compliance,Global,2022,ag_news,ag_news_92.txt
Human Resources,Policy/Legal,Compliance,Global,2023,ag_news,ag_news_93.txt
Human Resources,Policy/Legal,Compliance,Global,2024,ag_news,ag_news_94.txt
Human Resources,Policy/Legal,Compliance,Global,2020,ag_news,ag_news_95.txt
Human Resources,Policy/Legal,Compliance,Global,2021,ag_news,ag_news_96.txt
Human Resources,Policy/Legal,Compliance,Global,2022,ag_news,ag_news_97.txt
Human Resources,Policy/Legal,Compliance,Global,2023,ag_news,ag_news_98.txt
Human Resources,Policy/Legal,Compliance,Global,2024,ag_news,ag_news_99.txt
Human Resources,Policy/Legal,Compliance,Global,2020,ag_news,ag_news_100.txt
Human Resources,Policy/Legal,Compliance,Global,2021,ag_news,ag_news_101.txt
Human Resources,Policy/Legal,Compliance,Global,2022,ag_news,ag_news_102.txt
Human Resources,Policy/Legal,Compliance,Global,2023,ag_news,ag_news_103.txt
Human Resources,Policy/Legal,Compliance,Global,2024,ag_news,ag_news_104.txt
Human Resources,Policy/Legal,Compliance,Global,2020,ag_news,ag_news_105.txt
Human Resources,Policy/Legal,Compliance,Global,2021,ag_news,ag_news_106.txt
Human Resources,Policy/Legal,Compliance,Global,2022,ag_news,ag_news_107.txt
Human Resources,Policy/Legal,Compliance,Global,2023,ag_news,ag_news_108.txt
Human Resources,Policy/Legal,Compliance,Global,2024,ag_news,ag_news_109.txt
Human Resources,Policy/Legal,Compliance,Global,2020,ag_news,ag_news_110.txt
Human Resources,Policy/Legal,Compliance,Global,2021,ag_news,ag_news_111.txt
Human Resources,Policy/Legal,Compliance,Global,2022,ag_news,ag_news_112.txt
Human Resources,Policy/Legal,Compliance,Global,2023,ag_news,ag_news_113.txt
Human Resources,Policy/Legal,Compliance,Global,2024,ag_news,ag_news_114.txt
Human Resources,Policy/Legal,Compliance,Global,2020,ag_news,ag_news_115.txt
Human Resources,Policy/Legal,Compliance,Global,2021,ag_news,ag_news_116.txt
Human Resources,Policy/Legal,Compliance,Global,2022,ag_news,ag_news_117.txt
Human Resources,Policy/Legal,Compliance,Global,2023,ag_news,ag_news_118.txt
Human Resources,Policy/Legal,Compliance,Global,2024,ag_news,ag_news_119.txt
Human Resources,Policy/Legal,Compliance,Global,2020,dbpedia_14,dbpedia_14_0.txt
Human Resources,Policy/Legal,Compliance,Global,2021,dbpedia_14,dbpedia_14_1.txt
Human Resources,Policy/Legal,Compliance,Global,2022,dbpedia_14,dbpedia_14_2.txt
Human Resources,Policy/Legal,Compliance,Global,2023,dbpedia_14,dbpedia_14_3.txt
Human Resources,Policy/Legal,Compliance,Global,2024,dbpedia_14,dbpedia_14_4.txt
Human Resources,Policy/Legal,Compliance,Global,2020,dbpedia_14,dbpedia_14_5.txt
Human Resources,Policy/Legal,Compliance,Global,2021,dbpedia_14,dbpedia_14_6.txt
Human Resources,Policy/Legal,Compliance,Global,2022,dbpedia_14,dbpedia_14_7.txt
Human Resources,Policy/Legal,Compliance,Global,2023,dbpedia_14,dbpedia_14_8.txt
Human Resources,Policy/Legal,Compliance,Global,2024,dbpedia_14,dbpedia_14_9.txt
Human Resources,Policy/Legal,Compliance,Global,2020,dbpedia_14,dbpedia_14_10.txt
Human Resources,Policy/Legal,Compliance,Global,2021,dbpedia_14,dbpedia_14_11.txt
Human Resources,Policy/Legal,Compliance,Global,2022,dbpedia_14,dbpedia_14_12.txt
Human Resources,Policy/Legal,Compliance,Global,2023,dbpedia_14,dbpedia_14_13.txt
Human Resources,Policy/Legal,Compliance,Global,2024,dbpedia_14,dbpedia_14_14.txt
Human Resources,Policy/Legal,Compliance,Global,2020,dbpedia_14,dbpedia_14_15.txt
Human Resources,Policy/Legal,Compliance,Global,2021,dbpedia_14,dbpedia_14_16.txt
Human Resources,Policy/Legal,Compliance,Global,2022,dbpedia_14,dbpedia_14_17.txt
Human Resources,Policy/Legal,Compliance,Global,2023,dbpedia_14,dbpedia_14_18.txt
Human Resources,Policy/Legal,Compliance,Global,2024,dbpedia_14,dbpedia_14_19.txt
Human Resources,Policy/Legal,Compliance,Global,2020,dbpedia_14,dbpedia_14_20.txt
Human Resources,Policy/Legal,Compliance,Global,2021,dbpedia_14,dbpedia_14_21.txt
Human Resources,Policy/Legal,Compliance,Global,2022,dbpedia_14,dbpedia_14_22.txt
Human Resources,Policy/Legal,Compliance,Global,2023,dbpedia_14,dbpedia_14_23.txt
Human Resources,Policy/Legal,Compliance,Global,2024,dbpedia_14,dbpedia_14_24.txt
Human Resources,Policy/Legal,Compliance,Global,2020,dbpedia_14,dbpedia_14_25.txt
Human Resources,Policy/Legal,Compliance,Global,2021,dbpedia_14,dbpedia_14_26.txt
Human Resources,Policy/Legal,Compliance,Global,2022,dbpedia_14,dbpedia_14_27.txt
Human Resources,Policy/Legal,Compliance,Global,2023,dbpedia_14,dbpedia_14_28.txt
Human Resources,Policy/Legal,Compliance,Global,2024,dbpedia_14,dbpedia_14_29.txt
Human Resources,Policy/Legal,Compliance,Global,2020,dbpedia_14,dbpedia_14_30.txt
Human Resources,Policy/Legal,Compliance,Global,2021,dbpedia_14,dbpedia_14_31.txt
Human Resources,Policy/Legal,Compliance,Global,2022,dbpedia_14,dbpedia_14_32.txt
Human Resources,Policy/Legal,Compliance,Global,2023,dbpedia_14,dbpedia_14_33.txt
Human Resources,Policy/Legal,Compliance,Global,2024,dbpedia_14,dbpedia_14_34.txt
Human Resources,Policy/Legal,Compliance,Global,2020,dbpedia_14,dbpedia_14_35.txt
Human Resources,Policy/Legal,Compliance,Global,2021,dbpedia_14,dbpedia_14_36.txt
Human Resources,Policy/Legal,Compliance,Global,2022,dbpedia_14,dbpedia_14_37.txt
Human Resources,Policy/Legal,Compliance,Global,2023,dbpedia_14,dbpedia_14_38.txt
Human Resources,Policy/Legal,Compliance,Global,2024,dbpedia_14,dbpedia_14_39.txt
Human Resources,Policy/Legal,Compliance,Global,2020,dbpedia_14,dbpedia_14_40.txt
Human Resources,Policy/Legal,Compliance,Global,2021,dbpedia_14,dbpedia_14_41.txt
Human Resources,Policy/Legal,Compliance,Global,2022,dbpedia_14,dbpedia_14_42.txt
Human Resources,Policy/Legal,Compliance,Global,2023,dbpedia_14,dbpedia_14_43.txt
Human Resources,Policy/Legal,Compliance,Global,2024,dbpedia_14,dbpedia_14_44.txt
Human Resources,Policy/Legal,Compliance,Global,2020,dbpedia_14,dbpedia_14_45.txt
Human Resources,Policy/Legal,Compliance,Global,2021,dbpedia_14,dbpedia_14_46.txt
Human Resources,Policy/Legal,Compliance,Global,2022,dbpedia_14,dbpedia_14_47.txt
Human Resources,Policy/Legal,Compliance,Global,2023,dbpedia_14,dbpedia_14_48.txt
Human Resources,Policy/Legal,Compliance,Global,2024,dbpedia_14,dbpedia_14_49.txt
Human Resources,Policy/Legal,Compliance,Global,2020,dbpedia_14,dbpedia_14_50.txt
Human Resources,Policy/Legal,Compliance,Global,2021,dbpedia_14,dbpedia_14_51.txt
Human Resources,Policy/Legal,Compliance,Global,2022,dbpedia_14,dbpedia_14_52.txt
Human Resources,Policy/Legal,Compliance,Global,2023,dbpedia_14,dbpedia_14_53.txt
Human Resources,Policy/Legal,Compliance,Global,2024,dbpedia_14,dbpedia_14_54.txt
Human Resources,Policy/Legal,Compliance,Global,2020,dbpedia_14,dbpedia_14_55.txt
Human Resources,Policy/Legal,Compliance,Global,2021,dbpedia_14,dbpedia_14_56.txt
Human Resources,Policy/Legal,Compliance,Global,2022,dbpedia_14,dbpedia_14_57.txt
Human Resources,Policy/Legal,Compliance,Global,2023,dbpedia_14,dbpedia_14_58.txt
Human Resources,Policy/Legal,Compliance,Global,2024,dbpedia_14,dbpedia_14_59.txt
Human Resources,Policy/Legal,Compliance,Global,2020,dbpedia_14,dbpedia_14_60.txt
Human Resources,Policy/Legal,Compliance,Global,2021,dbpedia_14,dbpedia_14_61.txt
Human Resources,Policy/Legal,Compliance,Global,2022,dbpedia_14,dbpedia_14_62.txt
Human Resources,Policy/Legal,Compliance,Global,2023,dbpedia_14,dbpedia_14_63.txt
Human Resources,Policy/Legal,Compliance,Global,2024,dbpedia_14,dbpedia_14_64.txt
Human Resources,Policy/Legal,Compliance,Global,2020,dbpedia_14,dbpedia_14_65.txt
Human Resources,Policy/Legal,Compliance,Global,2021,dbpedia_14,dbpedia_14_66.txt
Human Resources,Policy/Legal,Compliance,Global,2022,dbpedia_14,dbpedia_14_67.txt
Human Resources,Policy/Legal,Compliance,Global,2023,dbpedia_14,dbpedia_14_68.txt
Human Resources,Policy/Legal,Compliance,Global,2024,dbpedia_14,dbpedia_14_69.txt
Human Resources,Policy/Legal,Compliance,Global,2020,dbpedia_14,dbpedia_14_70.txt
Human Resources,Policy/Legal,Compliance,Global,2021,dbpedia_14,dbpedia_14_71.txt
Human Resources,Policy/Legal,Compliance,Global,2022,dbpedia_14,dbpedia_14_72.txt
Human Resources,Policy/Legal,Compliance,Global,2023,dbpedia_14,dbpedia_14_73.txt
Human Resources,Policy/Legal,Compliance,Global,2024,dbpedia_14,dbpedia_14_74.txt
Human Resources,Policy/Legal,Compliance,Global,2020,dbpedia_14,dbpedia_14_75.txt
Human Resources,Policy/Legal,Compliance,Global,2021,dbpedia_14,dbpedia_14_76.txt
Human Resources,Policy/Legal,Compliance,Global,2022,dbpedia_14,dbpedia_14_77.txt
Human Resources,Policy/Legal,Compliance,Global,2023,dbpedia_14,dbpedia_14_78.txt
Human Resources,Policy/Legal,Compliance,Global,2024,dbpedia_14,dbpedia_14_79.txt
Human Resources,Policy/Legal,Compliance,Global,2020,dbpedia_14,dbpedia_14_80.txt
Human Resources,Policy/Legal,Compliance,Global,2021,dbpedia_14,dbpedia_14_81.txt
Human Resources,Policy/Legal,Compliance,Global,2022,dbpedia_14,dbpedia_14_82.txt
Human Resources,Policy/Legal,Compliance,Global,2023,dbpedia_14,dbpedia_14_83.txt
Human Resources,Policy/Legal,Compliance,Global,2024,dbpedia_14,dbpedia_14_84.txt
Human Resources,Policy/Legal,Compliance,Global,2020,dbpedia_14,dbpedia_14_85.txt
Human Resources,Policy/Legal,Compliance,Global,2021,dbpedia_14,dbpedia_14_86.txt
Human Resources,Policy/Legal,Compliance,Global,2022,dbpedia_14,dbpedia_14_87.txt
Human Resources,Policy/Legal,Compliance,Global,2023,dbpedia_14,dbpedia_14_88.txt
Human Resources,Policy/Legal,Compliance,Global,2024,dbpedia_14,dbpedia_14_89.txt
Human Resources,Policy/Legal,Compliance,Global,2020,dbpedia_14,dbpedia_14_90.txt
Human Resources,Policy/Legal,Compliance,Global,2021,dbpedia_14,dbpedia_14_91.txt
Human Resources,Policy/Legal,Compliance,Global,2022,dbpedia_14,dbpedia_14_92.txt
Human Resources,Policy/Legal,Compliance,Global,2023,dbpedia_14,dbpedia_14_93.txt
Human Resources,Policy/Legal,Compliance,Global,2024,dbpedia_14,dbpedia_14_94.txt
Human Resources,Policy/Legal,Compliance,Global,2020,dbpedia_14,dbpedia_14_95.txt
Human Resources,Policy/Legal,Compliance,Global,2021,dbpedia_14,dbpedia_14_96.txt
Human Resources,Policy/Legal,Compliance,Global,2022,dbpedia_14,dbpedia_14_97.txt
Human Resources,Policy/Legal,Compliance,Global,2023,dbpedia_14,dbpedia_14_98.txt
Human Resources,Policy/Legal,Compliance,Global,2024,dbpedia_14,dbpedia_14_99.txt
Human Resources,Policy/Legal,Compliance,Global,2020,dbpedia_14,dbpedia_14_100.txt
Human Resources,Policy/Legal,Compliance,Global,2021,dbpedia_14,dbpedia_14_101.txt
Human Resources,Policy/Legal,Compliance,Global,2022,dbpedia_14,dbpedia_14_102.txt
Human Resources,Policy/Legal,Compliance,Global,2023,dbpedia_14,dbpedia_14_103.txt
Human Resources,Policy/Legal,Compliance,Global,2024,dbpedia_14,dbpedia_14_104.txt
Human Resources,Policy/Legal,Compliance,Global,2020,dbpedia_14,dbpedia_14_105.txt
Human Resources,Policy/Legal,Compliance,Global,2021,dbpedia_14,dbpedia_14_106.txt
Human Resources,Policy/Legal,Compliance,Global,2022,dbpedia_14,dbpedia_14_107.txt
Human Resources,Policy/Legal,Compliance,Global,2023,dbpedia_14,dbpedia_14_108.txt
Human Resources,Policy/Legal,Compliance,Global,2024,dbpedia_14,dbpedia_14_109.txt
Human Resources,Policy/Legal,Compliance,Global,2020,dbpedia_14,dbpedia_14_110.txt
Human Resources,Policy/Legal,Compliance,Global,2021,dbpedia_14,dbpedia_14_111.txt
Human Resources,Policy/Legal,Compliance,Global,2022,dbpedia_14,dbpedia_14_112.txt
Human Resources,Policy/Legal,Compliance,Global,2023,dbpedia_14,dbpedia_14_113.txt
Human Resources,Policy/Legal,Compliance,Global,2024,dbpedia_14,dbpedia_14_114.txt
Human Resources,Policy/Legal,Compliance,Global,2020,dbpedia_14,dbpedia_14_115.txt
Human Resources,Policy/Legal,Compliance,Global,2021,dbpedia_14,dbpedia_14_116.txt
Human Resources,Policy/Legal,Compliance,Global,2022,dbpedia_14,dbpedia_14_117.txt
Human Resources,Policy/Legal,Compliance,Global,2023,dbpedia_14,dbpedia_14_118.txt
Human Resources,Policy/Legal,Compliance,Global,2024,dbpedia_14,dbpedia_14_119.txt
Human Resources,Policy/Legal,Compliance,Global,2020,yelp_review_full,yelp_review_full_0.txt
Human Resources,Policy/Legal,Compliance,Global,2021,yelp_review_full,yelp_review_full_1.txt
Human Resources,Policy/Legal,Compliance,Global,2022,yelp_review_full,yelp_review_full_2.txt
Human Resources,Policy/Legal,Compliance,Global,2023,yelp_review_full,yelp_review_full_3.txt
Human Resources,Policy/Legal,Compliance,Global,2024,yelp_review_full,yelp_review_full_4.txt
Human Resources,Policy/Legal,Compliance,Global,2020,yelp_review_full,yelp_review_full_5.txt
Human Resources,Policy/Legal,Compliance,Global,2021,yelp_review_full,yelp_review_full_6.txt
Human Resources,Policy/Legal,Compliance,Global,2022,yelp_review_full,yelp_review_full_7.txt
Human Resources,Policy/Legal,Compliance,Global,2023,yelp_review_full,yelp_review_full_8.txt
Human Resources,Policy/Legal,Compliance,Global,2024,yelp_review_full,yelp_review_full_9.txt
Human Resources,Policy/Legal,Compliance,Global,2020,yelp_review_full,yelp_review_full_10.txt
Human Resources,Policy/Legal,Compliance,Global,2021,yelp_review_full,yelp_review_full_11.txt
Human Resources,Policy/Legal,Compliance,Global,2022,yelp_review_full,yelp_review_full_12.txt
Human Resources,Policy/Legal,Compliance,Global,2023,yelp_review_full,yelp_review_full_13.txt
Human Resources,Policy/Legal,Compliance,Global,2024,yelp_review_full,yelp_review_full_14.txt
Human Resources,Policy/Legal,Compliance,Global,2020,yelp_review_full,yelp_review_full_15.txt
Human Resources,Policy/Legal,Compliance,Global,2021,yelp_review_full,yelp_review_full_16.txt
Human Resources,Policy/Legal,Compliance,Global,2022,yelp_review_full,yelp_review_full_17.txt
Human Resources,Policy/Legal,Compliance,Global,2023,yelp_review_full,yelp_review_full_18.txt
Human Resources,Policy/Legal,Compliance,Global,2024,yelp_review_full,yelp_review_full_19.txt
Human Resources,Policy/Legal,Compliance,Global,2020,yelp_review_full,yelp_review_full_20.txt
Human Resources,Policy/Legal,Compliance,Global,2021,yelp_review_full,yelp_review_full_21.txt
Human Resources,Policy/Legal,Compliance,Global,2022,yelp_review_full,yelp_review_full_22.txt
Human Resources,Policy/Legal,Compliance,Global,2023,yelp_review_full,yelp_review_full_23.txt
Human Resources,Policy/Legal,Compliance,Global,2024,yelp_review_full,yelp_review_full_24.txt
Human Resources,Policy/Legal,Compliance,Global,2020,yelp_review_full,yelp_review_full_25.txt
Human Resources,Policy/Legal,Compliance,Global,2021,yelp_review_full,yelp_review_full_26.txt
Human Resources,Policy/Legal,Compliance,Global,2022,yelp_review_full,yelp_review_full_27.txt
Human Resources,Policy/Legal,Compliance,Global,2023,yelp_review_full,yelp_review_full_28.txt
Human Resources,Policy/Legal,Compliance,Global,2024,yelp_review_full,yelp_review_full_29.txt
Human Resources,Policy/Legal,Compliance,Global,2020,yelp_review_full,yelp_review_full_30.txt
Human Resources,Policy/Legal,Compliance,Global,2021,yelp_review_full,yelp_review_full_31.txt
Human Resources,Policy/Legal,Compliance,Global,2022,yelp_review_full,yelp_review_full_32.txt
Human Resources,Policy/Legal,Compliance,Global,2023,yelp_review_full,yelp_review_full_33.txt
Human Resources,Policy/Legal,Compliance,Global,2024,yelp_review_full,yelp_review_full_34.txt
Human Resources,Policy/Legal,Compliance,Global,2020,yelp_review_full,yelp_review_full_35.txt
Human Resources,Policy/Legal,Compliance,Global,2021,yelp_review_full,yelp_review_full_36.txt
Human Resources,Policy/Legal,Compliance,Global,2022,yelp_review_full,yelp_review_full_37.txt
Human Resources,Policy/Legal,Compliance,Global,2023,yelp_review_full,yelp_review_full_38.txt
Human Resources,Policy/Legal,Compliance,Global,2024,yelp_review_full,yelp_review_full_39.txt
Human Resources,Policy/Legal,Compliance,Global,2020,yelp_review_full,yelp_review_full_40.txt
Human Resources,Policy/Legal,Compliance,Global,2021,yelp_review_full,yelp_review_full_41.txt
Human Resources,Policy/Legal,Compliance,Global,2022,yelp_review_full,yelp_review_full_42.txt
Human Resources,Policy/Legal,Compliance,Global,2023,yelp_review_full,yelp_review_full_43.txt
Human Resources,Policy/Legal,Compliance,Global,2024,yelp_review_full,yelp_review_full_44.txt
Human Resources,Policy/Legal,Compliance,Global,2020,yelp_review_full,yelp_review_full_45.txt
Human Resources,Policy/Legal,Compliance,Global,2021,yelp_review_full,yelp_review_full_46.txt
Human Resources,Policy/Legal,Compliance,Global,2022,yelp_review_full,yelp_review_full_47.txt
Human Resources,Policy/Legal,Compliance,Global,2023,yelp_review_full,yelp_review_full_48.txt
Human Resources,Policy/Legal,Compliance,Global,2024,yelp_review_full,yelp_review_full_49.txt
Human Resources,Policy/Legal,Compliance,Global,2020,yelp_review_full,yelp_review_full_50.txt
Human Resources,Policy/Legal,Compliance,Global,2021,yelp_review_full,yelp_review_full_51.txt
Human Resources,Policy/Legal,Compliance,Global,2022,yelp_review_full,yelp_review_full_52.txt
Human Resources,Policy/Legal,Compliance,Global,2023,yelp_review_full,yelp_review_full_53.txt
Human Resources,Policy/Legal,Compliance,Global,2024,yelp_review_full,yelp_review_full_54.txt
Human Resources,Policy/Legal,Compliance,Global,2020,yelp_review_full,yelp_review_full_55.txt
Human Resources,Policy/Legal,Compliance,Global,2021,yelp_review_full,yelp_review_full_56.txt
Human Resources,Policy/Legal,Compliance,Global,2022,yelp_review_full,yelp_review_full_57.txt
Human Resources,Policy/Legal,Compliance,Global,2023,yelp_review_full,yelp_review_full_58.txt
Human Resources,Policy/Legal,Compliance,Global,2024,yelp_review_full,yelp_review_full_59.txt
Human Resources,Policy/Legal,Compliance,Global,2020,yelp_review_full,yelp_review_full_60.txt
Human Resources,Policy/Legal,Compliance,Global,2021,yelp_review_full,yelp_review_full_61.txt
Human Resources,Policy/Legal,Compliance,Global,2022,yelp_review_full,yelp_review_full_62.txt
Human Resources,Policy/Legal,Compliance,Global,2023,yelp_review_full,yelp_review_full_63.txt
Human Resources,Policy/Legal,Compliance,Global,2024,yelp_review_full,yelp_review_full_64.txt
Human Resources,Policy/Legal,Compliance,Global,2020,yelp_review_full,yelp_review_full_65.txt
Human Resources,Policy/Legal,Compliance,Global,2021,yelp_review_full,yelp_review_full_66.txt
Human Resources,Policy/Legal,Compliance,Global,2022,yelp_review_full,yelp_review_full_67.txt
Human Resources,Policy/Legal,Compliance,Global,2023,yelp_review_full,yelp_review_full_68.txt
Human Resources,Policy/Legal,Compliance,Global,2024,yelp_review_full,yelp_review_full_69.txt
Human Resources,Policy/Legal,Compliance,Global,2020,yelp_review_full,yelp_review_full_70.txt
Human Resources,Policy/Legal,Compliance,Global,2021,yelp_review_full,yelp_review_full_71.txt
Human Resources,Policy/Legal,Compliance,Global,2022,yelp_review_full,yelp_review_full_72.txt
Human Resources,Policy/Legal,Compliance,Global,2023,yelp_review_full,yelp_review_full_73.txt
Human Resources,Policy/Legal,Compliance,Global,2024,yelp_review_full,yelp_review_full_74.txt
Human Resources,Policy/Legal,Compliance,Global,2020,yelp_review_full,yelp_review_full_75.txt
Human Resources,Policy/Legal,Compliance,Global,2021,yelp_review_full,yelp_review_full_76.txt
Human Resources,Policy/Legal,Compliance,Global,2022,yelp_review_full,yelp_review_full_77.txt
Human Resources,Policy/Legal,Compliance,Global,2023,yelp_review_full,yelp_review_full_78.txt
Human Resources,Policy/Legal,Compliance,Global,2024,yelp_review_full,yelp_review_full_79.txt
Human Resources,Policy/Legal,Compliance,Global,2020,yelp_review_full,yelp_review_full_80.txt
Human Resources,Policy/Legal,Compliance,Global,2021,yelp_review_full,yelp_review_full_81.txt
Human Resources,Policy/Legal,Compliance,Global,2022,yelp_review_full,yelp_review_full_82.txt
Human Resources,Policy/Legal,Compliance,Global,2023,yelp_review_full,yelp_review_full_83.txt
Human Resources,Policy/Legal,Compliance,Global,2024,yelp_review_full,yelp_review_full_84.txt
Human Resources,Policy/Legal,Compliance,Global,2020,yelp_review_full,yelp_review_full_85.txt
Human Resources,Policy/Legal,Compliance,Global,2021,yelp_review_full,yelp_review_full_86.txt
Human Resources,Policy/Legal,Compliance,Global,2022,yelp_review_full,yelp_review_full_87.txt
Human Resources,Policy/Legal,Compliance,Global,2023,yelp_review_full,yelp_review_full_88.txt
Human Resources,Policy/Legal,Compliance,Global,2024,yelp_review_full,yelp_review_full_89.txt
Human Resources,Policy/Legal,Compliance,Global,2020,yelp_review_full,yelp_review_full_90.txt
Human Resources,Policy/Legal,Compliance,Global,2021,yelp_review_full,yelp_review_full_91.txt
Human Resources,Policy/Legal,Compliance,Global,2022,yelp_review_full,yelp_review_full_92.txt
Human Resources,Policy/Legal,Compliance,Global,2023,yelp_review_full,yelp_review_full_93.txt
Human Resources,Policy/Legal,Compliance,Global,2024,yelp_review_full,yelp_review_full_94.txt
Human Resources,Policy/Legal,Compliance,Global,2020,yelp_review_full,yelp_review_full_95.txt
Human Resources,Policy/Legal,Compliance,Global,2021,yelp_review_full,yelp_review_full_96.txt
Human Resources,Policy/Legal,Compliance,Global,2022,yelp_review_full,yelp_review_full_97.txt
Human Resources,Policy/Legal,Compliance,Global,2023,yelp_review_full,yelp_review_full_98.txt
Human Resources,Policy/Legal,Compliance,Global,2024,yelp_review_full,yelp_review_full_99.txt
Human Resources,Policy/Legal,Compliance,Global,2020,yelp_review_full,yelp_review_full_100.txt
Human Resources,Policy/Legal,Compliance,Global,2021,yelp_review_full,yelp_review_full_101.txt
Human Resources,Policy/Legal,Compliance,Global,2022,yelp_review_full,yelp_review_full_102.txt
Human Resources,Policy/Legal,Compliance,Global,2023,yelp_review_full,yelp_review_full_103.txt
Human Resources,Policy/Legal,Compliance,Global,2024,yelp_review_full,yelp_review_full_104.txt
Human Resources,Policy/Legal,Compliance,Global,2020,yelp_review_full,yelp_review_full_105.txt
Human Resources,Policy/Legal,Compliance,Global,2021,yelp_review_full,yelp_review_full_106.txt
Human Resources,Policy/Legal,Compliance,Global,2022,yelp_review_full,yelp_review_full_107.txt
Human Resources,Policy/Legal,Compliance,Global,2023,yelp_review_full,yelp_review_full_108.txt
Human Resources,Policy/Legal,Compliance,Global,2024,yelp_review_full,yelp_review_full_109.txt
Human Resources,Policy/Legal,Compliance,Global,2020,yelp_review_full,yelp_review_full_110.txt
Human Resources,Policy/Legal,Compliance,Global,2021,yelp_review_full,yelp_review_full_111.txt
Human Resources,Policy/Legal,Compliance,Global,2022,yelp_review_full,yelp_review_full_112.txt
Human Resources,Policy/Legal,Compliance,Global,2023,yelp_review_full,yelp_review_full_113.txt
Human Resources,Policy/Legal,Compliance,Global,2024,yelp_review_full,yelp_review_full_114.txt
Human Resources,Policy/Legal,Compliance,Global,2020,yelp_review_full,yelp_review_full_115.txt
Human Resources,Policy/Legal,Compliance,Global,2021,yelp_review_full,yelp_review_full_116.txt
Human Resources,Policy/Legal,Compliance,Global,2022,yelp_review_full,yelp_review_full_117.txt
Human Resources,Policy/Legal,Compliance,Global,2023,yelp_review_full,yelp_review_full_118.txt
Human Resources,Policy/Legal,Compliance,Global,2024,yelp_review_full,yelp_review_full_119.txt
Human Resources,Policy/Legal,Compliance,Global,2020,emotion,emotion_0.txt
Human Resources,Policy/Legal,Compliance,Global,2021,emotion,emotion_1.txt
Human Resources,Policy/Legal,Compliance,Global,2022,emotion,emotion_2.txt
Human Resources,Policy/Legal,Compliance,Global,2023,emotion,emotion_3.txt
Human Resources,Policy/Legal,Compliance,Global,2024,emotion,emotion_4.txt
Human Resources,Policy/Legal,Compliance,Global,2020,emotion,emotion_5.txt
Human Resources,Policy/Legal,Compliance,Global,2021,emotion,emotion_6.txt
Human Resources,Policy/Legal,Compliance,Global,2022,emotion,emotion_7.txt
Human Resources,Policy/Legal,Compliance,Global,2023,emotion,emotion_8.txt
Human Resources,Policy/Legal,Compliance,Global,2024,emotion,emotion_9.txt
Human Resources,Policy/Legal,Compliance,Global,2020,emotion,emotion_10.txt
Human Resources,Policy/Legal,Compliance,Global,2021,emotion,emotion_11.txt
Human Resources,Policy/Legal,Compliance,Global,2022,emotion,emotion_12.txt
Human Resources,Policy/Legal,Compliance,Global,2023,emotion,emotion_13.txt
Human Resources,Policy/Legal,Compliance,Global,2024,emotion,emotion_14.txt
Human Resources,Policy/Legal,Compliance,Global,2020,emotion,emotion_15.txt
Human Resources,Policy/Legal,Compliance,Global,2021,emotion,emotion_16.txt
Human Resources,Policy/Legal,Compliance,Global,2022,emotion,emotion_17.txt
Human Resources,Policy/Legal,Compliance,Global,2023,emotion,emotion_18.txt
Human Resources,Policy/Legal,Compliance,Global,2024,emotion,emotion_19.txt
Human Resources,Policy/Legal,Compliance,Global,2020,emotion,emotion_20.txt
Human Resources,Policy/Legal,Compliance,Global,2021,emotion,emotion_21.txt
Human Resources,Policy/Legal,Compliance,Global,2022,emotion,emotion_22.txt
Human Resources,Policy/Legal,Compliance,Global,2023,emotion,emotion_23.txt
Human Resources,Policy/Legal,Compliance,Global,2024,emotion,emotion_24.txt
Human Resources,Policy/Legal,Compliance,Global,2020,emotion,emotion_25.txt
Human Resources,Policy/Legal,Compliance,Global,2021,emotion,emotion_26.txt
Human Resources,Policy/Legal,Compliance,Global,2022,emotion,emotion_27.txt
Human Resources,Policy/Legal,Compliance,Global,2023,emotion,emotion_28.txt
Human Resources,Policy/Legal,Compliance,Global,2024,emotion,emotion_29.txt
Human Resources,Policy/Legal,Compliance,Global,2020,emotion,emotion_30.txt
Human Resources,Policy/Legal,Compliance,Global,2021,emotion,emotion_31.txt
Human Resources,Policy/Legal,Compliance,Global,2022,emotion,emotion_32.txt
Human Resources,Policy/Legal,Compliance,Global,2023,emotion,emotion_33.txt
Human Resources,Policy/Legal,Compliance,Global,2024,emotion,emotion_34.txt
Human Resources,Policy/Legal,Compliance,Global,2020,emotion,emotion_35.txt
Human Resources,Policy/Legal,Compliance,Global,2021,emotion,emotion_36.txt
Human Resources,Policy/Legal,Compliance,Global,2022,emotion,emotion_37.txt
Human Resources,Policy/Legal,Compliance,Global,2023,emotion,emotion_38.txt
Human Resources,Policy/Legal,Compliance,Global,2024,emotion,emotion_39.txt
Human Resources,Policy/Legal,Compliance,Global,2020,emotion,emotion_40.txt
Human Resources,Policy/Legal,Compliance,Global,2021,emotion,emotion_41.txt
Human Resources,Policy/Legal,Compliance,Global,2022,emotion,emotion_42.txt
Human Resources,Policy/Legal,Compliance,Global,2023,emotion,emotion_43.txt
Human Resources,Policy/Legal,Compliance,Global,2024,emotion,emotion_44.txt
Human Resources,Policy/Legal,Compliance,Global,2020,emotion,emotion_45.txt
Human Resources,Policy/Legal,Compliance,Global,2021,emotion,emotion_46.txt
Human Resources,Policy/Legal,Compliance,Global,2022,emotion,emotion_47.txt
Human Resources,Policy/Legal,Compliance,Global,2023,emotion,emotion_48.txt
Human Resources,Policy/Legal,Compliance,Global,2024,emotion,emotion_49.txt
Human Resources,Policy/Legal,Compliance,Global,2020,emotion,emotion_50.txt
Human Resources,Policy/Legal,Compliance,Global,2021,emotion,emotion_51.txt
Human Resources,Policy/Legal,Compliance,Global,2022,emotion,emotion_52.txt
Human Resources,Policy/Legal,Compliance,Global,2023,emotion,emotion_53.txt
Human Resources,Policy/Legal,Compliance,Global,2024,emotion,emotion_54.txt
Human Resources,Policy/Legal,Compliance,Global,2020,emotion,emotion_55.txt
Human Resources,Policy/Legal,Compliance,Global,2021,emotion,emotion_56.txt
Human Resources,Policy/Legal,Compliance,Global,2022,emotion,emotion_57.txt
Human Resources,Policy/Legal,Compliance,Global,2023,emotion,emotion_58.txt
Human Resources,Policy/Legal,Compliance,Global,2024,emotion,emotion_59.txt
Human Resources,Policy/Legal,Compliance,Global,2020,emotion,emotion_60.txt
Human Resources,Policy/Legal,Compliance,Global,2021,emotion,emotion_61.txt
Human Resources,Policy/Legal,Compliance,Global,2022,emotion,emotion_62.txt
Human Resources,Policy/Legal,Compliance,Global,2023,emotion,emotion_63.txt
Human Resources,Policy/Legal,Compliance,Global,2024,emotion,emotion_64.txt
Human Resources,Policy/Legal,Compliance,Global,2020,emotion,emotion_65.txt
Human Resources,Policy/Legal,Compliance,Global,2021,emotion,emotion_66.txt
Human Resources,Policy/Legal,Compliance,Global,2022,emotion,emotion_67.txt
Human Resources,Policy/Legal,Compliance,Global,2023,emotion,emotion_68.txt
Human Resources,Policy/Legal,Compliance,Global,2024,emotion,emotion_69.txt
Human Resources,Policy/Legal,Compliance,Global,2020,emotion,emotion_70.txt
Human Resources,Policy/Legal,Compliance,Global,2021,emotion,emotion_71.txt
Human Resources,Policy/Legal,Compliance,Global,2022,emotion,emotion_72.txt
Human Resources,Policy/Legal,Compliance,Global,2023,emotion,emotion_73.txt
Human Resources,Policy/Legal,Compliance,Global,2024,emotion,emotion_74.txt
Human Resources,Policy/Legal,Compliance,Global,2020,emotion,emotion_75.txt
Human Resources,Policy/Legal,Compliance,Global,2021,emotion,emotion_76.txt
Human Resources,Policy/Legal,Compliance,Global,2022,emotion,emotion_77.txt
Human Resources,Policy/Legal,Compliance,Global,2023,emotion,emotion_78.txt
Human Resources,Policy/Legal,Compliance,Global,2024,emotion,emotion_79.txt
Human Resources,Policy/Legal,Compliance,Global,2020,emotion,emotion_80.txt
Human Resources,Policy/Legal,Compliance,Global,2021,emotion,emotion_81.txt
Human Resources,Policy/Legal,Compliance,Global,2022,emotion,emotion_82.txt
Human Resources,Policy/Legal,Compliance,Global,2023,emotion,emotion_83.txt
Human Resources,Policy/Legal,Compliance,Global,2024,emotion,emotion_84.txt
Human Resources,Policy/Legal,Compliance,Global,2020,emotion,emotion_85.txt
Human Resources,Policy/Legal,Compliance,Global,2021,emotion,emotion_86.txt
Human Resources,Policy/Legal,Compliance,Global,2022,emotion,emotion_87.txt
Human Resources,Policy/Legal,Compliance,Global,2023,emotion,emotion_88.txt
Human Resources,Policy/Legal,Compliance,Global,2024,emotion,emotion_89.txt
Human Resources,Policy/Legal,Compliance,Global,2020,emotion,emotion_90.txt
Human Resources,Policy/Legal,Compliance,Global,2021,emotion,emotion_91.txt
Human Resources,Policy/Legal,Compliance,Global,2022,emotion,emotion_92.txt
Human Resources,Policy/Legal,Compliance,Global,2023,emotion,emotion_93.txt
Human Resources,Policy/Legal,Compliance,Global,2024,emotion,emotion_94.txt
Human Resources,Policy/Legal,Compliance,Global,2020,emotion,emotion_95.txt
Human Resources,Policy/Legal,Compliance,Global,2021,emotion,emotion_96.txt
Human Resources,Policy/Legal,Compliance,Global,2022,emotion,emotion_97.txt
Human Resources,Policy/Legal,Compliance,Global,2023,emotion,emotion_98.txt
Human Resources,Policy/Legal,Compliance,Global,2024,emotion,emotion_99.txt
Human Resources,Policy/Legal,Compliance,Global,2020,emotion,emotion_100.txt
Human Resources,Policy/Legal,Compliance,Global,2021,emotion,emotion_101.txt
Human Resources,Policy/Legal,Compliance,Global,2022,emotion,emotion_102.txt
Human Resources,Policy/Legal,Compliance,Global,2023,emotion,emotion_103.txt
Human Resources,Policy/Legal,Compliance,Global,2024,emotion,emotion_104.txt
Human Resources,Policy/Legal,Compliance,Global,2020,emotion,emotion_105.txt
Human Resources,Policy/Legal,Compliance,Global,2021,emotion,emotion_106.txt
Human Resources,Policy/Legal,Compliance,Global,2022,emotion,emotion_107.txt
Human Resources,Policy/Legal,Compliance,Global,2023,emotion,emotion_108.txt
Human Resources,Policy/Legal,Compliance,Global,2024,emotion,emotion_109.txt
Human Resources,Policy/Legal,Compliance,Global,2020,emotion,emotion_110.txt
Human Resources,Policy/Legal,Compliance,Global,2021,emotion,emotion_111.txt
Human Resources,Policy/Legal,Compliance,Global,2022,emotion,emotion_112.txt
Human Resources,Policy/Legal,Compliance,Global,2023,emotion,emotion_113.txt
Human Resources,Policy/Legal,Compliance,Global,2024,emotion,emotion_114.txt
Human Resources,Policy/Legal,Compliance,Global,2020,emotion,emotion_115.txt
Human Resources,Policy/Legal,Compliance,Global,2021,emotion,emotion_116.txt
Human Resources,Policy/Legal,Compliance,Global,2022,emotion,emotion_117.txt
Human Resources,Policy/Legal,Compliance,Global,2023,emotion,emotion_118.txt
Human Resources,Policy/Legal,Compliance,Global,2024,emotion,emotion_119.txt
Human Resources,Policy/Legal,Compliance,Global,2020,eurlex,eurlex_0.txt
Human Resources,Policy/Legal,Compliance,Global,2021,eurlex,eurlex_1.txt
Human Resources,Policy/Legal,Compliance,Global,2022,eurlex,eurlex_2.txt
Human Resources,Policy/Legal,Compliance,Global,2023,eurlex,eurlex_3.txt
Human Resources,Policy/Legal,Compliance,Global,2024,eurlex,eurlex_4.txt
Human Resources,Policy/Legal,Compliance,Global,2020,eurlex,eurlex_5.txt
Human Resources,Policy/Legal,Compliance,Global,2021,eurlex,eurlex_6.txt
Human Resources,Policy/Legal,Compliance,Global,2022,eurlex,eurlex_7.txt
Human Resources,Policy/Legal,Compliance,Global,2023,eurlex,eurlex_8.txt
Human Resources,Policy/Legal,Compliance,Global,2024,eurlex,eurlex_9.txt
Human Resources,Policy/Legal,Compliance,Global,2020,eurlex,eurlex_10.txt
Human Resources,Policy/Legal,Compliance,Global,2021,eurlex,eurlex_11.txt
Human Resources,Policy/Legal,Compliance,Global,2022,eurlex,eurlex_12.txt
Human Resources,Policy/Legal,Compliance,Global,2023,eurlex,eurlex_13.txt
Human Resources,Policy/Legal,Compliance,Global,2024,eurlex,eurlex_14.txt
Human Resources,Policy/Legal,Compliance,Global,2020,eurlex,eurlex_15.txt
Human Resources,Policy/Legal,Compliance,Global,2021,eurlex,eurlex_16.txt
Human Resources,Policy/Legal,Compliance,Global,2022,eurlex,eurlex_17.txt
Human Resources,Policy/Legal,Compliance,Global,2023,eurlex,eurlex_18.txt
Human Resources,Policy/Legal,Compliance,Global,2024,eurlex,eurlex_19.txt
Human Resources,Policy/Legal,Compliance,Global,2020,eurlex,eurlex_20.txt
Human Resources,Policy/Legal,Compliance,Global,2021,eurlex,eurlex_21.txt
Human Resources,Policy/Legal,Compliance,Global,2022,eurlex,eurlex_22.txt
Human Resources,Policy/Legal,Compliance,Global,2023,eurlex,eurlex_23.txt
Human Resources,Policy/Legal,Compliance,Global,2024,eurlex,eurlex_24.txt
Human Resources,Policy/Legal,Compliance,Global,2020,eurlex,eurlex_25.txt
Human Resources,Policy/Legal,Compliance,Global,2021,eurlex,eurlex_26.txt
Human Resources,Policy/Legal,Compliance,Global,2022,eurlex,eurlex_27.txt
Human Resources,Policy/Legal,Compliance,Global,2023,eurlex,eurlex_28.txt
Human Resources,Policy/Legal,Compliance,Global,2024,eurlex,eurlex_29.txt
Human Resources,Policy/Legal,Compliance,Global,2020,eurlex,eurlex_30.txt
Human Resources,Policy/Legal,Compliance,Global,2021,eurlex,eurlex_31.txt
Human Resources,Policy/Legal,Compliance,Global,2022,eurlex,eurlex_32.txt
Human Resources,Policy/Legal,Compliance,Global,2023,eurlex,eurlex_33.txt
Human Resources,Policy/Legal,Compliance,Global,2024,eurlex,eurlex_34.txt
Human Resources,Policy/Legal,Compliance,Global,2020,eurlex,eurlex_35.txt
Human Resources,Policy/Legal,Compliance,Global,2021,eurlex,eurlex_36.txt
Human Resources,Policy/Legal,Compliance,Global,2022,eurlex,eurlex_37.txt
Human Resources,Policy/Legal,Compliance,Global,2023,eurlex,eurlex_38.txt
Human Resources,Policy/Legal,Compliance,Global,2024,eurlex,eurlex_39.txt
Human Resources,Policy/Legal,Compliance,Global,2020,eurlex,eurlex_40.txt
Human Resources,Policy/Legal,Compliance,Global,2021,eurlex,eurlex_41.txt
Human Resources,Policy/Legal,Compliance,Global,2022,eurlex,eurlex_42.txt
Human Resources,Policy/Legal,Compliance,Global,2023,eurlex,eurlex_43.txt
Human Resources,Policy/Legal,Compliance,Global,2024,eurlex,eurlex_44.txt
Human Resources,Policy/Legal,Compliance,Global,2020,eurlex,eurlex_45.txt
Human Resources,Policy/Legal,Compliance,Global,2021,eurlex,eurlex_46.txt
Human Resources,Policy/Legal,Compliance,Global,2022,eurlex,eurlex_47.txt
Human Resources,Policy/Legal,Compliance,Global,2023,eurlex,eurlex_48.txt
Human Resources,Policy/Legal,Compliance,Global,2024,eurlex,eurlex_49.txt
Human Resources,Policy/Legal,Compliance,Global,2020,eurlex,eurlex_50.txt
Human Resources,Policy/Legal,Compliance,Global,2021,eurlex,eurlex_51.txt
Human Resources,Policy/Legal,Compliance,Global,2022,eurlex,eurlex_52.txt
Human Resources,Policy/Legal,Compliance,Global,2023,eurlex,eurlex_53.txt
Human Resources,Policy/Legal,Compliance,Global,2024,eurlex,eurlex_54.txt
Human Resources,Policy/Legal,Compliance,Global,2020,eurlex,eurlex_55.txt
Human Resources,Policy/Legal,Compliance,Global,2021,eurlex,eurlex_56.txt
Human Resources,Policy/Legal,Compliance,Global,2022,eurlex,eurlex_57.txt
Human Resources,Policy/Legal,Compliance,Global,2023,eurlex,eurlex_58.txt
Human Resources,Policy/Legal,Compliance,Global,2024,eurlex,eurlex_59.txt
Human Resources,Policy/Legal,Compliance,Global,2020,eurlex,eurlex_60.txt
Human Resources,Policy/Legal,Compliance,Global,2021,eurlex,eurlex_61.txt
Human Resources,Policy/Legal,Compliance,Global,2022,eurlex,eurlex_62.txt
Human Resources,Policy/Legal,Compliance,Global,2023,eurlex,eurlex_63.txt
Human Resources,Policy/Legal,Compliance,Global,2024,eurlex,eurlex_64.txt
Human Resources,Policy/Legal,Compliance,Global,2020,eurlex,eurlex_65.txt
Human Resources,Policy/Legal,Compliance,Global,2021,eurlex,eurlex_66.txt
Human Resources,Policy/Legal,Compliance,Global,2022,eurlex,eurlex_67.txt
Human Resources,Policy/Legal,Compliance,Global,2023,eurlex,eurlex_68.txt
Human Resources,Policy/Legal,Compliance,Global,2024,eurlex,eurlex_69.txt
Human Resources,Policy/Legal,Compliance,Global,2020,eurlex,eurlex_70.txt
Human Resources,Policy/Legal,Compliance,Global,2021,eurlex,eurlex_71.txt
Human Resources,Policy/Legal,Compliance,Global,2022,eurlex,eurlex_72.txt
Human Resources,Policy/Legal,Compliance,Global,2023,eurlex,eurlex_73.txt
Human Resources,Policy/Legal,Compliance,Global,2024,eurlex,eurlex_74.txt
Human Resources,Policy/Legal,Compliance,Global,2020,eurlex,eurlex_75.txt
Human Resources,Policy/Legal,Compliance,Global,2021,eurlex,eurlex_76.txt
Human Resources,Policy/Legal,Compliance,Global,2022,eurlex,eurlex_77.txt
Human Resources,Policy/Legal,Compliance,Global,2023,eurlex,eurlex_78.txt
Human Resources,Policy/Legal,Compliance,Global,2024,eurlex,eurlex_79.txt
Human Resources,Policy/Legal,Compliance,Global,2020,eurlex,eurlex_80.txt
Human Resources,Policy/Legal,Compliance,Global,2021,eurlex,eurlex_81.txt
Human Resources,Policy/Legal,Compliance,Global,2022,eurlex,eurlex_82.txt
Human Resources,Policy/Legal,Compliance,Global,2023,eurlex,eurlex_83.txt
Human Resources,Policy/Legal,Compliance,Global,2024,eurlex,eurlex_84.txt
Human Resources,Policy/Legal,Compliance,Global,2020,eurlex,eurlex_85.txt
Human Resources,Policy/Legal,Compliance,Global,2021,eurlex,eurlex_86.txt
Human Resources,Policy/Legal,Compliance,Global,2022,eurlex,eurlex_87.txt
Human Resources,Policy/Legal,Compliance,Global,2023,eurlex,eurlex_88.txt
Human Resources,Policy/Legal,Compliance,Global,2024,eurlex,eurlex_89.txt
Human Resources,Policy/Legal,Compliance,Global,2020,eurlex,eurlex_90.txt
Human Resources,Policy/Legal,Compliance,Global,2021,eurlex,eurlex_91.txt
Human Resources,Policy/Legal,Compliance,Global,2022,eurlex,eurlex_92.txt
Human Resources,Policy/Legal,Compliance,Global,2023,eurlex,eurlex_93.txt
Human Resources,Policy/Legal,Compliance,Global,2024,eurlex,eurlex_94.txt
Human Resources,Policy/Legal,Compliance,Global,2020,eurlex,eurlex_95.txt
Human Resources,Policy/Legal,Compliance,Global,2021,eurlex,eurlex_96.txt
Human Resources,Policy/Legal,Compliance,Global,2022,eurlex,eurlex_97.txt
Human Resources,Policy/Legal,Compliance,Global,2023,eurlex,eurlex_98.txt
Human Resources,Policy/Legal,Compliance,Global,2024,eurlex,eurlex_99.txt
Human Resources,Policy/Legal,Compliance,Global,2020,eurlex,eurlex_100.txt
Human Resources,Policy/Legal,Compliance,Global,2021,eurlex,eurlex_101.txt
Human Resources,Policy/Legal,Compliance,Global,2022,eurlex,eurlex_102.txt
Human Resources,Policy/Legal,Compliance,Global,2023,eurlex,eurlex_103.txt
Human Resources,Policy/Legal,Compliance,Global,2024,eurlex,eurlex_104.txt
Human Resources,Policy/Legal,Compliance,Global,2020,eurlex,eurlex_105.txt
Human Resources,Policy/Legal,Compliance,Global,2021,eurlex,eurlex_106.txt
Human Resources,Policy/Legal,Compliance,Global,2022,eurlex,eurlex_107.txt
Human Resources,Policy/Legal,Compliance,Global,2023,eurlex,eurlex_108.txt
Human Resources,Policy/Legal,Compliance,Global,2024,eurlex,eurlex_109.txt
Human Resources,Policy/Legal,Compliance,Global,2020,eurlex,eurlex_110.txt
Human Resources,Policy/Legal,Compliance,Global,2021,eurlex,eurlex_111.txt
Human Resources,Policy/Legal,Compliance,Global,2022,eurlex,eurlex_112.txt
Human Resources,Policy/Legal,Compliance,Global,2023,eurlex,eurlex_113.txt
Human Resources,Policy/Legal,Compliance,Global,2024,eurlex,eurlex_114.txt
Human Resources,Policy/Legal,Compliance,Global,2020,eurlex,eurlex_115.txt
Human Resources,Policy/Legal,Compliance,Global,2021,eurlex,eurlex_116.txt
Human Resources,Policy/Legal,Compliance,Global,2022,eurlex,eurlex_117.txt
Human Resources,Policy/Legal,Compliance,Global,2023,eurlex,eurlex_118.txt
Human Resources,Policy/Legal,Compliance,Global,2024,eurlex,eurlex_119.txt
Human Resources,Policy/Legal,Compliance,Global,2020,eurlex,eurlex_120.txt
Human Resources,Policy/Legal,Compliance,Global,2021,eurlex,eurlex_121.txt
Human Resources,Policy/Legal,Compliance,Global,2022,eurlex,eurlex_122.txt
Human Resources,Policy/Legal,Compliance,Global,2023,eurlex,eurlex_123.txt
Human Resources,Policy/Legal,Compliance,Global,2024,eurlex,eurlex_124.txt
Human Resources,Policy/Legal,Compliance,Global,2020,eurlex,eurlex_125.txt
Human Resources,Policy/Legal,Compliance,Global,2021,eurlex,eurlex_126.txt
Human Resources,Policy/Legal,Compliance,Global,2022,eurlex,eurlex_127.txt
Human Resources,Policy/Legal,Compliance,Global,2023,eurlex,eurlex_128.txt
Human Resources,Policy/Legal,Compliance,Global,2024,eurlex,eurlex_129.txt
Human Resources,Policy/Legal,Compliance,Global,2020,eurlex,eurlex_130.txt
Human Resources,Policy/Legal,Compliance,Global,2021,eurlex,eurlex_131.txt
Human Resources,Policy/Legal,Compliance,Global,2022,eurlex,eurlex_132.txt
Human Resources,Policy/Legal,Compliance,Global,2023,eurlex,eurlex_133.txt
Human Resources,Policy/Legal,Compliance,Global,2024,eurlex,eurlex_134.txt
Human Resources,Policy/Legal,Compliance,Global,2020,eurlex,eurlex_135.txt
Human Resources,Policy/Legal,Compliance,Global,2021,eurlex,eurlex_136.txt
Human Resources,Policy/Legal,Compliance,Global,2022,eurlex,eurlex_137.txt
Human Resources,Policy/Legal,Compliance,Global,2023,eurlex,eurlex_138.txt
Human Resources,Policy/Legal,Compliance,Global,2024,eurlex,eurlex_139.txt
Human Resources,Policy/Legal,Compliance,Global,2020,eurlex,eurlex_140.txt
Human Resources,Policy/Legal,Compliance,Global,2021,eurlex,eurlex_141.txt
Human Resources,Policy/Legal,Compliance,Global,2022,eurlex,eurlex_142.txt
Human Resources,Policy/Legal,Compliance,Global,2023,eurlex,eurlex_143.txt
Human Resources,Policy/Legal,Compliance,Global,2024,eurlex,eurlex_144.txt
Human Resources,Policy/Legal,Compliance,Global,2020,eurlex,eurlex_145.txt
Human Resources,Policy/Legal,Compliance,Global,2021,eurlex,eurlex_146.txt
Human Resources,Policy/Legal,Compliance,Global,2022,eurlex,eurlex_147.txt
Human Resources,Policy/Legal,Compliance,Global,2023,eurlex,eurlex_148.txt
Human Resources,Policy/Legal,Compliance,Global,2024,eurlex,eurlex_149.txt
Human Resources,Policy/Legal,Compliance,Global,2020,eurlex,eurlex_150.txt
Human Resources,Policy/Legal,Compliance,Global,2021,eurlex,eurlex_151.txt
Human Resources,Policy/Legal,Compliance,Global,2022,eurlex,eurlex_152.txt
Human Resources,Policy/Legal,Compliance,Global,2023,eurlex,eurlex_153.txt
Human Resources,Policy/Legal,Compliance,Global,2024,eurlex,eurlex_154.txt
Human Resources,Policy/Legal,Compliance,Global,2020,eurlex,eurlex_155.txt
Human Resources,Policy/Legal,Compliance,Global,2021,eurlex,eurlex_156.txt
Human Resources,Policy/Legal,Compliance,Global,2022,eurlex,eurlex_157.txt
Human Resources,Policy/Legal,Compliance,Global,2023,eurlex,eurlex_158.txt
Human Resources,Policy/Legal,Compliance,Global,2024,eurlex,eurlex_159.txt
Human Resources,Policy/Legal,Compliance,Global,2020,eurlex,eurlex_160.txt
Human Resources,Policy/Legal,Compliance,Global,2021,eurlex,eurlex_161.txt
Human Resources,Policy/Legal,Compliance,Global,2022,eurlex,eurlex_162.txt
Human Resources,Policy/Legal,Compliance,Global,2023,eurlex,eurlex_163.txt
Human Resources,Policy/Legal,Compliance,Global,2024,eurlex,eurlex_164.txt
Human Resources,Policy/Legal,Compliance,Global,2020,eurlex,eurlex_165.txt
Human Resources,Policy/Legal,Compliance,Global,2021,eurlex,eurlex_166.txt
Human Resources,Policy/Legal,Compliance,Global,2022,eurlex,eurlex_167.txt
Human Resources,Policy/Legal,Compliance,Global,2023,eurlex,eurlex_168.txt
Human Resources,Policy/Legal,Compliance,Global,2024,eurlex,eurlex_169.txt
Human Resources,Policy/Legal,Compliance,Global,2020,eurlex,eurlex_170.txt
Human Resources,Policy/Legal,Compliance,Global,2021,eurlex,eurlex_171.txt
Human Resources,Policy/Legal,Compliance,Global,2022,eurlex,eurlex_172.txt
Human Resources,Policy/Legal,Compliance,Global,2023,eurlex,eurlex_173.txt
Human Resources,Policy/Legal,Compliance,Global,2024,eurlex,eurlex_174.txt
Human Resources,Policy/Legal,Compliance,Global,2020,eurlex,eurlex_175.txt
Human Resources,Policy/Legal,Compliance,Global,2021,eurlex,eurlex_176.txt
Human Resources,Policy/Legal,Compliance,Global,2022,eurlex,eurlex_177.txt
Human Resources,Policy/Legal,Compliance,Global,2023,eurlex,eurlex_178.txt
Human Resources,Policy/Legal,Compliance,Global,2024,eurlex,eurlex_179.txt
Human Resources,Policy/Legal,Compliance,Global,2020,eurlex,eurlex_180.txt
Human Resources,Policy/Legal,Compliance,Global,2021,eurlex,eurlex_181.txt
Human Resources,Policy/Legal,Compliance,Global,2022,eurlex,eurlex_182.txt
Human Resources,Policy/Legal,Compliance,Global,2023,eurlex,eurlex_183.txt
Human Resources,Policy/Legal,Compliance,Global,2024,eurlex,eurlex_184.txt
Human Resources,Policy/Legal,Compliance,Global,2020,eurlex,eurlex_185.txt
Human Resources,Policy/Legal,Compliance,Global,2021,eurlex,eurlex_186.txt
Human Resources,Policy/Legal,Compliance,Global,2022,eurlex,eurlex_187.txt
Human Resources,Policy/Legal,Compliance,Global,2023,eurlex,eurlex_188.txt
Human Resources,Policy/Legal,Compliance,Global,2024,eurlex,eurlex_189.txt
Human Resources,Policy/Legal,Compliance,Global,2020,eurlex,eurlex_190.txt
Human Resources,Policy/Legal,Compliance,Global,2021,eurlex,eurlex_191.txt
Human Resources,Policy/Legal,Compliance,Global,2022,eurlex,eurlex_192.txt
Human Resources,Policy/Legal,Compliance,Global,2023,eurlex,eurlex_193.txt
Human Resources,Policy/Legal,Compliance,Global,2024,eurlex,eurlex_194.txt
Human Resources,Policy/Legal,Compliance,Global,2020,eurlex,eurlex_195.txt
Human Resources,Policy/Legal,Compliance,Global,2021,eurlex,eurlex_196.txt
Human Resources,Policy/Legal,Compliance,Global,2022,eurlex,eurlex_197.txt
Human Resources,Policy/Legal,Compliance,Global,2023,eurlex,eurlex_198.txt
Human Resources,Policy/Legal,Compliance,Global,2024,eurlex,eurlex_199.txt
Human Resources,Policy/Legal,Compliance,Global,2020,eurlex,eurlex_200.txt
Human Resources,Policy/Legal,Compliance,Global,2021,eurlex,eurlex_201.txt
Human Resources,Policy/Legal,Compliance,Global,2022,eurlex,eurlex_202.txt
Human Resources,Policy/Legal,Compliance,Global,2023,eurlex,eurlex_203.txt
Human Resources,Policy/Legal,Compliance,Global,2024,eurlex,eurlex_204.txt
Human Resources,Policy/Legal,Compliance,Global,2020,eurlex,eurlex_205.txt
Human Resources,Policy/Legal,Compliance,Global,2021,eurlex,eurlex_206.txt
Human Resources,Policy/Legal,Compliance,Global,2022,eurlex,eurlex_207.txt
Human Resources,Policy/Legal,Compliance,Global,2023,eurlex,eurlex_208.txt
Human Resources,Policy/Legal,Compliance,Global,2024,eurlex,eurlex_209.txt
Human Resources,Policy/Legal,Compliance,Global,2020,eurlex,eurlex_210.txt
Human Resources,Policy/Legal,Compliance,Global,2021,eurlex,eurlex_211.txt
Human Resources,Policy/Legal,Compliance,Global,2022,eurlex,eurlex_212.txt
Human Resources,Policy/Legal,Compliance,Global,2023,eurlex,eurlex_213.txt
Human Resources,Policy/Legal,Compliance,Global,2024,eurlex,eurlex_214.txt
Human Resources,Policy/Legal,Compliance,Global,2020,eurlex,eurlex_215.txt
Human Resources,Policy/Legal,Compliance,Global,2021,eurlex,eurlex_216.txt
Human Resources,Policy/Legal,Compliance,Global,2022,eurlex,eurlex_217.txt
Human Resources,Policy/Legal,Compliance,Global,2023,eurlex,eurlex_218.txt
Human Resources,Policy/Legal,Compliance,Global,2024,eurlex,eurlex_219.txt
Human Resources,Policy/Legal,Compliance,Global,2020,eurlex,eurlex_220.txt
Human Resources,Policy/Legal,Compliance,Global,2021,eurlex,eurlex_221.txt
Human Resources,Policy/Legal,Compliance,Global,2022,eurlex,eurlex_222.txt
Human Resources,Policy/Legal,Compliance,Global,2023,eurlex,eurlex_223.txt
Human Resources,Policy/Legal,Compliance,Global,2024,eurlex,eurlex_224.txt
Human Resources,Policy/Legal,Compliance,Global,2020,eurlex,eurlex_225.txt
Human Resources,Policy/Legal,Compliance,Global,2021,eurlex,eurlex_226.txt
Human Resources,Policy/Legal,Compliance,Global,2022,eurlex,eurlex_227.txt
Human Resources,Policy/Legal,Compliance,Global,2023,eurlex,eurlex_228.txt
Human Resources,Policy/Legal,Compliance,Global,2024,eurlex,eurlex_229.txt
Human Resources,Policy/Legal,Compliance,Global,2020,eurlex,eurlex_230.txt
Human Resources,Policy/Legal,Compliance,Global,2021,eurlex,eurlex_231.txt
Human Resources,Policy/Legal,Compliance,Global,2022,eurlex,eurlex_232.txt
Human Resources,Policy/Legal,Compliance,Global,2023,eurlex,eurlex_233.txt
Human Resources,Policy/Legal,Compliance,Global,2024,eurlex,eurlex_234.txt
Human Resources,Policy/Legal,Compliance,Global,2020,eurlex,eurlex_235.txt
Human Resources,Policy/Legal,Compliance,Global,2021,eurlex,eurlex_236.txt
Human Resources,Policy/Legal,Compliance,Global,2022,eurlex,eurlex_237.txt
Human Resources,Policy/Legal,Compliance,Global,2023,eurlex,eurlex_238.txt
Human Resources,Policy/Legal,Compliance,Global,2024,eurlex,eurlex_239.txt
Human Resources,Policy/Legal,Compliance,Global,2020,eurlex,eurlex_240.txt
Human Resources,Policy/Legal,Compliance,Global,2021,eurlex,eurlex_241.txt
Human Resources,Policy/Legal,Compliance,Global,2022,eurlex,eurlex_242.txt
Human Resources,Policy/Legal,Compliance,Global,2023,eurlex,eurlex_243.txt
Human Resources,Policy/Legal,Compliance,Global,2024,eurlex,eurlex_244.txt
Human Resources,Policy/Legal,Compliance,Global,2020,eurlex,eurlex_245.txt
Human Resources,Policy/Legal,Compliance,Global,2021,eurlex,eurlex_246.txt
Human Resources,Policy/Legal,Compliance,Global,2022,eurlex,eurlex_247.txt
Human Resources,Policy/Legal,Compliance,Global,2023,eurlex,eurlex_248.txt
Human Resources,Policy/Legal,Compliance,Global,2024,eurlex,eurlex_249.txt
Human Resources,Policy/Legal,Compliance,Global,2020,eurlex,eurlex_250.txt
Human Resources,Policy/Legal,Compliance,Global,2021,eurlex,eurlex_251.txt
Human Resources,Policy/Legal,Compliance,Global,2022,eurlex,eurlex_252.txt
Human Resources,Policy/Legal,Compliance,Global,2023,eurlex,eurlex_253.txt
Human Resources,Policy/Legal,Compliance,Global,2024,eurlex,eurlex_254.txt
Human Resources,Policy/Legal,Compliance,Global,2020,eurlex,eurlex_255.txt
Human Resources,Policy/Legal,Compliance,Global,2021,eurlex,eurlex_256.txt
Human Resources,Policy/Legal,Compliance,Global,2022,eurlex,eurlex_257.txt
Human Resources,Policy/Legal,Compliance,Global,2023,eurlex,eurlex_258.txt
Human Resources,Policy/Legal,Compliance,Global,2024,eurlex,eurlex_259.txt
Human Resources,Policy/Legal,Compliance,Global,2020,eurlex,eurlex_260.txt
Human Resources,Policy/Legal,Compliance,Global,2021,eurlex,eurlex_261.txt
Human Resources,Policy/Legal,Compliance,Global,2022,eurlex,eurlex_262.txt
Human Resources,Policy/Legal,Compliance,Global,2023,eurlex,eurlex_263.txt
Human Resources,Policy/Legal,Compliance,Global,2024,eurlex,eurlex_264.txt
Human Resources,Policy/Legal,Compliance,Global,2020,eurlex,eurlex_265.txt
Human Resources,Policy/Legal,Compliance,Global,2021,eurlex,eurlex_266.txt
Human Resources,Policy/Legal,Compliance,Global,2022,eurlex,eurlex_267.txt
Human Resources,Policy/Legal,Compliance,Global,2023,eurlex,eurlex_268.txt
Human Resources,Policy/Legal,Compliance,Global,2024,eurlex,eurlex_269.txt
Human Resources,Policy/Legal,Compliance,Global,2020,eurlex,eurlex_270.txt
Human Resources,Policy/Legal,Compliance,Global,2021,eurlex,eurlex_271.txt
Human Resources,Policy/Legal,Compliance,Global,2022,eurlex,eurlex_272.txt
Human Resources,Policy/Legal,Compliance,Global,2023,eurlex,eurlex_273.txt
Human Resources,Policy/Legal,Compliance,Global,2024,eurlex,eurlex_274.txt
Human Resources,Policy/Legal,Compliance,Global,2020,eurlex,eurlex_275.txt
Human Resources,Policy/Legal,Compliance,Global,2021,eurlex,eurlex_276.txt
Human Resources,Policy/Legal,Compliance,Global,2022,eurlex,eurlex_277.txt
Human Resources,Policy/Legal,Compliance,Global,2023,eurlex,eurlex_278.txt
Human Resources,Policy/Legal,Compliance,Global,2024,eurlex,eurlex_279.txt
Human Resources,Policy/Legal,Compliance,Global,2020,eurlex,eurlex_280.txt
Human Resources,Policy/Legal,Compliance,Global,2021,eurlex,eurlex_281.txt
Human Resources,Policy/Legal,Compliance,Global,2022,eurlex,eurlex_282.txt
Human Resources,Policy/Legal,Compliance,Global,2023,eurlex,eurlex_283.txt
Human Resources,Policy/Legal,Compliance,Global,2024,eurlex,eurlex_284.txt
Human Resources,Policy/Legal,Compliance,Global,2020,eurlex,eurlex_285.txt
Human Resources,Policy/Legal,Compliance,Global,2021,eurlex,eurlex_286.txt
Human Resources,Policy/Legal,Compliance,Global,2022,eurlex,eurlex_287.txt
Human Resources,Policy/Legal,Compliance,Global,2023,eurlex,eurlex_288.txt
Human Resources,Policy/Legal,Compliance,Global,2024,eurlex,eurlex_289.txt
Human Resources,Policy/Legal,Compliance,Global,2020,eurlex,eurlex_290.txt
Human Resources,Policy/Legal,Compliance,Global,2021,eurlex,eurlex_291.txt
Human Resources,Policy/Legal,Compliance,Global,2022,eurlex,eurlex_292.txt
Human Resources,Policy/Legal,Compliance,Global,2023,eurlex,eurlex_293.txt
Human Resources,Policy/Legal,Compliance,Global,2024,eurlex,eurlex_294.txt
Human Resources,Policy/Legal,Compliance,Global,2020,eurlex,eurlex_295.txt
Human Resources,Policy/Legal,Compliance,Global,2021,eurlex,eurlex_296.txt
Human Resources,Policy/Legal,Compliance,Global,2022,eurlex,eurlex_297.txt
Human Resources,Policy/Legal,Compliance,Global,2023,eurlex,eurlex_298.txt
Human Resources,Policy/Legal,Compliance,Global,2024,eurlex,eurlex_299.txt
Human Resources,Policy/Legal,Compliance,Global,2020,eurlex,eurlex_300.txt
Human Resources,Policy/Legal,Compliance,Global,2021,eurlex,eurlex_301.txt
Human Resources,Policy/Legal,Compliance,Global,2022,eurlex,eurlex_302.txt
Human Resources,Policy/Legal,Compliance,Global,2023,eurlex,eurlex_303.txt
Human Resources,Policy/Legal,Compliance,Global,2024,eurlex,eurlex_304.txt
Human Resources,Policy/Legal,Compliance,Global,2020,eurlex,eurlex_305.txt
Human Resources,Policy/Legal,Compliance,Global,2021,eurlex,eurlex_306.txt
Human Resources,Policy/Legal,Compliance,Global,2022,eurlex,eurlex_307.txt
Human Resources,Policy/Legal,Compliance,Global,2023,eurlex,eurlex_308.txt
Human Resources,Policy/Legal,Compliance,Global,2024,eurlex,eurlex_309.txt
Human Resources,Policy/Legal,Compliance,Global,2020,eurlex,eurlex_310.txt
Human Resources,Policy/Legal,Compliance,Global,2021,eurlex,eurlex_311.txt
Human Resources,Policy/Legal,Compliance,Global,2022,eurlex,eurlex_312.txt
Human Resources,Policy/Legal,Compliance,Global,2023,eurlex,eurlex_313.txt
Human Resources,Policy/Legal,Compliance,Global,2024,eurlex,eurlex_314.txt
Human Resources,Policy/Legal,Compliance,Global,2020,eurlex,eurlex_315.txt
Human Resources,Policy/Legal,Compliance,Global,2021,eurlex,eurlex_316.txt
Human Resources,Policy/Legal,Compliance,Global,2022,eurlex,eurlex_317.txt
Human Resources,Policy/Legal,Compliance,Global,2023,eurlex,eurlex_318.txt
Human Resources,Policy/Legal,Compliance,Global,2024,eurlex,eurlex_319.txt
Human Resources,Policy/Legal,Compliance,Global,2020,eurlex,eurlex_320.txt
Human Resources,Policy/Legal,Compliance,Global,2021,eurlex,eurlex_321.txt
Human Resources,Policy/Legal,Compliance,Global,2022,eurlex,eurlex_322.txt
Human Resources,Policy/Legal,Compliance,Global,2023,eurlex,eurlex_323.txt
Human Resources,Policy/Legal,Compliance,Global,2024,eurlex,eurlex_324.txt
Human Resources,Policy/Legal,Compliance,Global,2020,eurlex,eurlex_325.txt
Human Resources,Policy/Legal,Compliance,Global,2021,eurlex,eurlex_326.txt
Human Resources,Policy/Legal,Compliance,Global,2022,eurlex,eurlex_327.txt
Human Resources,Policy/Legal,Compliance,Global,2023,eurlex,eurlex_328.txt
Human Resources,Policy/Legal,Compliance,Global,2024,eurlex,eurlex_329.txt
Human Resources,Policy/Legal,Compliance,Global,2020,eurlex,eurlex_330.txt
Human Resources,Policy/Legal,Compliance,Global,2021,eurlex,eurlex_331.txt
Human Resources,Policy/Legal,Compliance,Global,2022,eurlex,eurlex_332.txt
Human Resources,Policy/Legal,Compliance,Global,2023,eurlex,eurlex_333.txt
Human Resources,Policy/Legal,Compliance,Global,2024,eurlex,eurlex_334.txt
Human Resources,Policy/Legal,Compliance,Global,2020,eurlex,eurlex_335.txt
Human Resources,Policy/Legal,Compliance,Global,2021,eurlex,eurlex_336.txt
Human Resources,Policy/Legal,Compliance,Global,2022,eurlex,eurlex_337.txt
Human Resources,Policy/Legal,Compliance,Global,2023,eurlex,eurlex_338.txt
Human Resources,Policy/Legal,Compliance,Global,2024,eurlex,eurlex_339.txt
Human Resources,Policy/Legal,Compliance,Global,2020,eurlex,eurlex_340.txt
Human Resources,Policy/Legal,Compliance,Global,2021,eurlex,eurlex_341.txt
Human Resources,Policy/Legal,Compliance,Global,2022,eurlex,eurlex_342.txt
Human Resources,Policy/Legal,Compliance,Global,2023,eurlex,eurlex_343.txt
Human Resources,Policy/Legal,Compliance,Global,2024,eurlex,eurlex_344.txt
Human Resources,Policy/Legal,Compliance,Global,2020,eurlex,eurlex_345.txt
Human Resources,Policy/Legal,Compliance,Global,2021,eurlex,eurlex_346.txt
Human Resources,Policy/Legal,Compliance,Global,2022,eurlex,eurlex_347.txt
Human Resources,Policy/Legal,Compliance,Global,2023,eurlex,eurlex_348.txt
Human Resources,Policy/Legal,Compliance,Global,2024,eurlex,eurlex_349.txt
Human Resources,Policy/Legal,Compliance,Global,2020,eurlex,eurlex_350.txt
Human Resources,Policy/Legal,Compliance,Global,2021,eurlex,eurlex_351.txt
Human Resources,Policy/Legal,Compliance,Global,2022,eurlex,eurlex_352.txt
Human Resources,Policy/Legal,Compliance,Global,2023,eurlex,eurlex_353.txt
Human Resources,Policy/Legal,Compliance,Global,2024,eurlex,eurlex_354.txt
Human Resources,Policy/Legal,Compliance,Global,2020,eurlex,eurlex_355.txt
Human Resources,Policy/Legal,Compliance,Global,2021,eurlex,eurlex_356.txt
Human Resources,Policy/Legal,Compliance,Global,2022,eurlex,eurlex_357.txt
Human Resources,Policy/Legal,Compliance,Global,2023,eurlex,eurlex_358.txt
Human Resources,Policy/Legal,Compliance,Global,2024,eurlex,eurlex_359.txt
Human Resources,Policy/Legal,Compliance,Global,2020,eurlex,eurlex_360.txt
Human Resources,Policy/Legal,Compliance,Global,2021,eurlex,eurlex_361.txt
Human Resources,Policy/Legal,Compliance,Global,2022,eurlex,eurlex_362.txt
Human Resources,Policy/Legal,Compliance,Global,2023,eurlex,eurlex_363.txt
Human Resources,Policy/Legal,Compliance,Global,2024,eurlex,eurlex_364.txt
Human Resources,Policy/Legal,Compliance,Global,2020,eurlex,eurlex_365.txt
Human Resources,Policy/Legal,Compliance,Global,2021,eurlex,eurlex_366.txt
Human Resources,Policy/Legal,Compliance,Global,2022,eurlex,eurlex_367.txt
Human Resources,Policy/Legal,Compliance,Global,2023,eurlex,eurlex_368.txt
Human Resources,Policy/Legal,Compliance,Global,2024,eurlex,eurlex_369.txt
Human Resources,Policy/Legal,Compliance,Global,2020,eurlex,eurlex_370.txt
Human Resources,Policy/Legal,Compliance,Global,2021,eurlex,eurlex_371.txt
Human Resources,Policy/Legal,Compliance,Global,2022,eurlex,eurlex_372.txt
Human Resources,Policy/Legal,Compliance,Global,2023,eurlex,eurlex_373.txt
Human Resources,Policy/Legal,Compliance,Global,2024,eurlex,eurlex_374.txt
Human Resources,Policy/Legal,Compliance,Global,2020,eurlex,eurlex_375.txt
Human Resources,Policy/Legal,Compliance,Global,2021,eurlex,eurlex_376.txt
Human Resources,Policy/Legal,Compliance,Global,2022,eurlex,eurlex_377.txt
Human Resources,Policy/Legal,Compliance,Global,2023,eurlex,eurlex_378.txt
Human Resources,Policy/Legal,Compliance,Global,2024,eurlex,eurlex_379.txt
Human Resources,Policy/Legal,Compliance,Global,2020,eurlex,eurlex_380.txt
Human Resources,Policy/Legal,Compliance,Global,2021,eurlex,eurlex_381.txt
Human Resources,Policy/Legal,Compliance,Global,2022,eurlex,eurlex_382.txt
Human Resources,Policy/Legal,Compliance,Global,2023,eurlex,eurlex_383.txt
Human Resources,Policy/Legal,Compliance,Global,2024,eurlex,eurlex_384.txt
Human Resources,Policy/Legal,Compliance,Global,2020,eurlex,eurlex_385.txt
Human Resources,Policy/Legal,Compliance,Global,2021,eurlex,eurlex_386.txt
Human Resources,Policy/Legal,Compliance,Global,2022,eurlex,eurlex_387.txt
Human Resources,Policy/Legal,Compliance,Global,2023,eurlex,eurlex_388.txt
Human Resources,Policy/Legal,Compliance,Global,2024,eurlex,eurlex_389.txt
Human Resources,Policy/Legal,Compliance,Global,2020,eurlex,eurlex_390.txt
Human Resources,Policy/Legal,Compliance,Global,2021,eurlex,eurlex_391.txt
Human Resources,Policy/Legal,Compliance,Global,2022,eurlex,eurlex_392.txt
Human Resources,Policy/Legal,Compliance,Global,2023,eurlex,eurlex_393.txt
Human Resources,Policy/Legal,Compliance,Global,2024,eurlex,eurlex_394.txt
Human Resources,Policy/Legal,Compliance,Global,2020,eurlex,eurlex_395.txt
Human Resources,Policy/Legal,Compliance,Global,2021,eurlex,eurlex_396.txt
Human Resources,Policy/Legal,Compliance,Global,2022,eurlex,eurlex_397.txt
Human Resources,Policy/Legal,Compliance,Global,2023,eurlex,eurlex_398.txt
Human Resources,Policy/Legal,Compliance,Global,2024,eurlex,eurlex_399.txt
Human Resources,Policy/Legal,Compliance,Global,2020,eurlex,eurlex_400.txt
Human Resources,Policy/Legal,Compliance,Global,2021,eurlex,eurlex_401.txt
Human Resources,Policy/Legal,Compliance,Global,2022,eurlex,eurlex_402.txt
Human Resources,Policy/Legal,Compliance,Global,2023,eurlex,eurlex_403.txt
Human Resources,Policy/Legal,Compliance,Global,2024,eurlex,eurlex_404.txt
Human Resources,Policy/Legal,Compliance,Global,2020,eurlex,eurlex_405.txt
Human Resources,Policy/Legal,Compliance,Global,2021,eurlex,eurlex_406.txt
Human Resources,Policy/Legal,Compliance,Global,2022,eurlex,eurlex_407.txt
Human Resources,Policy/Legal,Compliance,Global,2023,eurlex,eurlex_408.txt
Human Resources,Policy/Legal,Compliance,Global,2024,eurlex,eurlex_409.txt
Human Resources,Policy/Legal,Compliance,Global,2020,eurlex,eurlex_410.txt
Human Resources,Policy/Legal,Compliance,Global,2021,eurlex,eurlex_411.txt
Human Resources,Policy/Legal,Compliance,Global,2022,eurlex,eurlex_412.txt
Human Resources,Policy/Legal,Compliance,Global,2023,eurlex,eurlex_413.txt
Human Resources,Policy/Legal,Compliance,Global,2024,eurlex,eurlex_414.txt
Human Resources,Policy/Legal,Compliance,Global,2020,eurlex,eurlex_415.txt
Human Resources,Policy/Legal,Compliance,Global,2021,eurlex,eurlex_416.txt
Human Resources,Policy/Legal,Compliance,Global,2022,eurlex,eurlex_417.txt
Human Resources,Policy/Legal,Compliance,Global,2023,eurlex,eurlex_418.txt
Human Resources,Policy/Legal,Compliance,Global,2024,eurlex,eurlex_419.txt
Human Resources,Policy/Legal,Compliance,Global,2020,eurlex,eurlex_420.txt
Human Resources,Policy/Legal,Compliance,Global,2021,eurlex,eurlex_421.txt
Human Resources,Policy/Legal,Compliance,Global,2022,eurlex,eurlex_422.txt
Human Resources,Policy/Legal,Compliance,Global,2023,eurlex,eurlex_423.txt
Human Resources,Policy/Legal,Compliance,Global,2024,eurlex,eurlex_424.txt
Human Resources,Policy/Legal,Compliance,Global,2020,eurlex,eurlex_425.txt
Human Resources,Policy/Legal,Compliance,Global,2021,eurlex,eurlex_426.txt
Human Resources,Policy/Legal,Compliance,Global,2022,eurlex,eurlex_427.txt
Human Resources,Policy/Legal,Compliance,Global,2023,eurlex,eurlex_428.txt
Human Resources,Policy/Legal,Compliance,Global,2024,eurlex,eurlex_429.txt
Human Resources,Policy/Legal,Compliance,Global,2020,eurlex,eurlex_430.txt
Human Resources,Policy/Legal,Compliance,Global,2021,eurlex,eurlex_431.txt
Human Resources,Policy/Legal,Compliance,Global,2022,eurlex,eurlex_432.txt
Human Resources,Policy/Legal,Compliance,Global,2023,eurlex,eurlex_433.txt
Human Resources,Policy/Legal,Compliance,Global,2024,eurlex,eurlex_434.txt
Human Resources,Policy/Legal,Compliance,Global,2020,eurlex,eurlex_435.txt
Human Resources,Policy/Legal,Compliance,Global,2021,eurlex,eurlex_436.txt
Human Resources,Policy/Legal,Compliance,Global,2022,eurlex,eurlex_437.txt
Human Resources,Policy/Legal,Compliance,Global,2023,eurlex,eurlex_438.txt
Human Resources,Policy/Legal,Compliance,Global,2024,eurlex,eurlex_439.txt
Human Resources,Policy/Legal,Compliance,Global,2020,eurlex,eurlex_440.txt
Human Resources,Policy/Legal,Compliance,Global,2021,eurlex,eurlex_441.txt
Human Resources,Policy/Legal,Compliance,Global,2022,eurlex,eurlex_442.txt
Human Resources,Policy/Legal,Compliance,Global,2023,eurlex,eurlex_443.txt
Human Resources,Policy/Legal,Compliance,Global,2024,eurlex,eurlex_444.txt
Human Resources,Policy/Legal,Compliance,Global,2020,eurlex,eurlex_445.txt
Human Resources,Policy/Legal,Compliance,Global,2021,eurlex,eurlex_446.txt
Human Resources,Policy/Legal,Compliance,Global,2022,eurlex,eurlex_447.txt
Human Resources,Policy/Legal,Compliance,Global,2023,eurlex,eurlex_448.txt
Human Resources,Policy/Legal,Compliance,Global,2024,eurlex,eurlex_449.txt
Human Resources,Policy/Legal,Compliance,Global,2020,eurlex,eurlex_450.txt
Human Resources,Policy/Legal,Compliance,Global,2021,eurlex,eurlex_451.txt
Human Resources,Policy/Legal,Compliance,Global,2022,eurlex,eurlex_452.txt
Human Resources,Policy/Legal,Compliance,Global,2023,eurlex,eurlex_453.txt
Human Resources,Policy/Legal,Compliance,Global,2024,eurlex,eurlex_454.txt
Human Resources,Policy/Legal,Compliance,Global,2020,eurlex,eurlex_455.txt
Human Resources,Policy/Legal,Compliance,Global,2021,eurlex,eurlex_456.txt
Human Resources,Policy/Legal,Compliance,Global,2022,eurlex,eurlex_457.txt
Human Resources,Policy/Legal,Compliance,Global,2023,eurlex,eurlex_458.txt
Human Resources,Policy/Legal,Compliance,Global,2024,eurlex,eurlex_459.txt
Human Resources,Policy/Legal,Compliance,Global,2020,eurlex,eurlex_460.txt
Human Resources,Policy/Legal,Compliance,Global,2021,eurlex,eurlex_461.txt
Human Resources,Policy/Legal,Compliance,Global,2022,eurlex,eurlex_462.txt
Human Resources,Policy/Legal,Compliance,Global,2023,eurlex,eurlex_463.txt
Human Resources,Policy/Legal,Compliance,Global,2024,eurlex,eurlex_464.txt
Human Resources,Policy/Legal,Compliance,Global,2020,eurlex,eurlex_465.txt
Human Resources,Policy/Legal,Compliance,Global,2021,eurlex,eurlex_466.txt
Human Resources,Policy/Legal,Compliance,Global,2022,eurlex,eurlex_467.txt
Human Resources,Policy/Legal,Compliance,Global,2023,eurlex,eurlex_468.txt
Human Resources,Policy/Legal,Compliance,Global,2024,eurlex,eurlex_469.txt
Human Resources,Policy/Legal,Compliance,Global,2020,eurlex,eurlex_470.txt
Human Resources,Policy/Legal,Compliance,Global,2021,eurlex,eurlex_471.txt
Human Resources,Policy/Legal,Compliance,Global,2022,eurlex,eurlex_472.txt
Human Resources,Policy/Legal,Compliance,Global,2023,eurlex,eurlex_473.txt
Human Resources,Policy/Legal,Compliance,Global,2024,eurlex,eurlex_474.txt
Human Resources,Policy/Legal,Compliance,Global,2020,eurlex,eurlex_475.txt
Human Resources,Policy/Legal,Compliance,Global,2021,eurlex,eurlex_476.txt
Human Resources,Policy/Legal,Compliance,Global,2022,eurlex,eurlex_477.txt
Human Resources,Policy/Legal,Compliance,Global,2023,eurlex,eurlex_478.txt
Human Resources,Policy/Legal,Compliance,Global,2024,eurlex,eurlex_479.txt
Human Resources,Policy/Legal,Compliance,Global,2020,eurlex,eurlex_480.txt
Human Resources,Policy/Legal,Compliance,Global,2021,eurlex,eurlex_481.txt
Human Resources,Policy/Legal,Compliance,Global,2022,eurlex,eurlex_482.txt
Human Resources,Policy/Legal,Compliance,Global,2023,eurlex,eurlex_483.txt
Human Resources,Policy/Legal,Compliance,Global,2024,eurlex,eurlex_484.txt
Human Resources,Policy/Legal,Compliance,Global,2020,eurlex,eurlex_485.txt
Human Resources,Policy/Legal,Compliance,Global,2021,eurlex,eurlex_486.txt
Human Resources,Policy/Legal,Compliance,Global,2022,eurlex,eurlex_487.txt
Human Resources,Policy/Legal,Compliance,Global,2023,eurlex,eurlex_488.txt
Human Resources,Policy/Legal,Compliance,Global,2024,eurlex,eurlex_489.txt
Human Resources,Policy/Legal,Compliance,Global,2020,eurlex,eurlex_490.txt
Human Resources,Policy/Legal,Compliance,Global,2021,eurlex,eurlex_491.txt
Human Resources,Policy/Legal,Compliance,Global,2022,eurlex,eurlex_492.txt
Human Resources,Policy/Legal,Compliance,Global,2023,eurlex,eurlex_493.txt
Human Resources,Policy/Legal,Compliance,Global,2024,eurlex,eurlex_494.txt
Human Resources,Policy/Legal,Compliance,Global,2020,eurlex,eurlex_495.txt
Human Resources,Policy/Legal,Compliance,Global,2021,eurlex,eurlex_496.txt
Human Resources,Policy/Legal,Compliance,Global,2022,eurlex,eurlex_497.txt
Human Resources,Policy/Legal,Compliance,Global,2023,eurlex,eurlex_498.txt
Human Resources,Policy/Legal,Compliance,Global,2024,eurlex,eurlex_499.txt
Human Resources,Policy/Legal,Compliance,Global,2020,eurlex,eurlex_500.txt
Human Resources,Policy/Legal,Compliance,Global,2021,eurlex,eurlex_501.txt
Human Resources,Policy/Legal,Compliance,Global,2022,eurlex,eurlex_502.txt
Human Resources,Policy/Legal,Compliance,Global,2023,eurlex,eurlex_503.txt
Human Resources,Policy/Legal,Compliance,Global,2024,eurlex,eurlex_504.txt
Human Resources,Policy/Legal,Compliance,Global,2020,eurlex,eurlex_505.txt
Human Resources,Policy/Legal,Compliance,Global,2021,eurlex,eurlex_506.txt
Human Resources,Policy/Legal,Compliance,Global,2022,eurlex,eurlex_507.txt
Human Resources,Policy/Legal,Compliance,Global,2023,eurlex,eurlex_508.txt
Human Resources,Policy/Legal,Compliance,Global,2024,eurlex,eurlex_509.txt
Human Resources,Policy/Legal,Compliance,Global,2020,eurlex,eurlex_510.txt
Human Resources,Policy/Legal,Compliance,Global,2021,eurlex,eurlex_511.txt
Human Resources,Policy/Legal,Compliance,Global,2022,eurlex,eurlex_512.txt
Human Resources,Policy/Legal,Compliance,Global,2023,eurlex,eurlex_513.txt
Human Resources,Policy/Legal,Compliance,Global,2024,eurlex,eurlex_514.txt
Human Resources,Policy/Legal,Compliance,Global,2020,eurlex,eurlex_515.txt
Human Resources,Policy/Legal,Compliance,Global,2021,eurlex,eurlex_516.txt
Human Resources,Policy/Legal,Compliance,Global,2022,eurlex,eurlex_517.txt
Human Resources,Policy/Legal,Compliance,Global,2023,eurlex,eurlex_518.txt
Human Resources,Policy/Legal,Compliance,Global,2024,eurlex,eurlex_519.txt
Human Resources,Policy/Legal,Compliance,Global,2020,eurlex,eurlex_520.txt
Human Resources,Policy/Legal,Compliance,Global,2021,eurlex,eurlex_521.txt
Human Resources,Policy/Legal,Compliance,Global,2022,eurlex,eurlex_522.txt
Human Resources,Policy/Legal,Compliance,Global,2023,eurlex,eurlex_523.txt
Human Resources,Policy/Legal,Compliance,Global,2024,eurlex,eurlex_524.txt
Human Resources,Policy/Legal,Compliance,Global,2020,eurlex,eurlex_525.txt
Human Resources,Policy/Legal,Compliance,Global,2021,eurlex,eurlex_526.txt
Human Resources,Policy/Legal,Compliance,Global,2022,eurlex,eurlex_527.txt
Human Resources,Policy/Legal,Compliance,Global,2023,eurlex,eurlex_528.txt
Human Resources,Policy/Legal,Compliance,Global,2024,eurlex,eurlex_529.txt
Human Resources,Policy/Legal,Compliance,Global,2020,eurlex,eurlex_530.txt
Human Resources,Policy/Legal,Compliance,Global,2021,eurlex,eurlex_531.txt
Human Resources,Policy/Legal,Compliance,Global,2022,eurlex,eurlex_532.txt
Human Resources,Policy/Legal,Compliance,Global,2023,eurlex,eurlex_533.txt
Human Resources,Policy/Legal,Compliance,Global,2024,eurlex,eurlex_534.txt
Human Resources,Policy/Legal,Compliance,Global,2020,eurlex,eurlex_535.txt
Human Resources,Policy/Legal,Compliance,Global,2021,eurlex,eurlex_536.txt
Human Resources,Policy/Legal,Compliance,Global,2022,eurlex,eurlex_537.txt
Human Resources,Policy/Legal,Compliance,Global,2023,eurlex,eurlex_538.txt
Human Resources,Policy/Legal,Compliance,Global,2024,eurlex,eurlex_539.txt
Human Resources,Policy/Legal,Compliance,Global,2020,eurlex,eurlex_540.txt
Human Resources,Policy/Legal,Compliance,Global,2021,eurlex,eurlex_541.txt
Human Resources,Policy/Legal,Compliance,Global,2022,eurlex,eurlex_542.txt
Human Resources,Policy/Legal,Compliance,Global,2023,eurlex,eurlex_543.txt
Human Resources,Policy/Legal,Compliance,Global,2024,eurlex,eurlex_544.txt
Human Resources,Policy/Legal,Compliance,Global,2020,eurlex,eurlex_545.txt
Human Resources,Policy/Legal,Compliance,Global,2021,eurlex,eurlex_546.txt
Human Resources,Policy/Legal,Compliance,Global,2022,eurlex,eurlex_547.txt
Human Resources,Policy/Legal,Compliance,Global,2023,eurlex,eurlex_548.txt
Human Resources,Policy/Legal,Compliance,Global,2024,eurlex,eurlex_549.txt
